run_id,exp_id,priority,job_id,model_id,scheduler,prompt_id,prompt_name,seed,repeat_idx,hidiffusion,xformers,cpu_offload,vae_tiling,height,width,steps,guidance_scale,device,dtype,latency_sec,throughput_img_s,peak_vram_mb,success,failure_reason,torch_version,diffusers_version,hidiffusion_version,xformers_version,python_version,platform,gpu_name,timestamp,sample_path
ablation_sd15_p0_20260324,baseline,P0,0000_baseline_1024x1024_p0_s0_r0,runwayml/stable-diffusion-v1-5,ddim,0,stone_golem,0,0,0,0,0,0,1024,1024,10,7.5,cuda,fp16,2.9614782500002548,0.3376692028718813,5081.2216796875,1,,2.5.0+cu124,0.37.0,local,unavailable,3.12.7,Linux-6.2.0-37-generic-x86_64-with-glibc2.35,NVIDIA A100-SXM4-40GB,2026-03-24T11:56:41+00:00,samples/baseline_p0_h1024_w1024_s0_r0.png
ablation_sd15_p0_20260324,baseline,P0,0001_baseline_1024x1024_p0_s0_r1,runwayml/stable-diffusion-v1-5,ddim,0,stone_golem,0,1,0,0,0,0,1024,1024,10,7.5,cuda,fp16,2.1574550389996148,0.4635090798757445,5081.2216796875,1,,2.5.0+cu124,0.37.0,local,unavailable,3.12.7,Linux-6.2.0-37-generic-x86_64-with-glibc2.35,NVIDIA A100-SXM4-40GB,2026-03-24T11:57:06+00:00,samples/baseline_p0_h1024_w1024_s0_r1.png
ablation_sd15_p0_20260324,baseline,P0,0002_baseline_1024x1024_p0_s0_r2,runwayml/stable-diffusion-v1-5,ddim,0,stone_golem,0,2,0,0,0,0,1024,1024,10,7.5,cuda,fp16,2.1881618530001106,0.4570045852087841,5081.2216796875,1,,2.5.0+cu124,0.37.0,local,unavailable,3.12.7,Linux-6.2.0-37-generic-x86_64-with-glibc2.35,NVIDIA A100-SXM4-40GB,2026-03-24T11:57:23+00:00,samples/baseline_p0_h1024_w1024_s0_r2.png
ablation_sd15_p0_20260324,baseline,P0,0003_baseline_1024x1024_p0_s1_r0,runwayml/stable-diffusion-v1-5,ddim,0,stone_golem,1,0,0,0,0,0,1024,1024,10,7.5,cuda,fp16,1.9039108429997211,0.5252346787544118,5081.2216796875,1,,2.5.0+cu124,0.37.0,local,unavailable,3.12.7,Linux-6.2.0-37-generic-x86_64-with-glibc2.35,NVIDIA A100-SXM4-40GB,2026-03-24T11:57:39+00:00,samples/baseline_p0_h1024_w1024_s1_r0.png
ablation_sd15_p0_20260324,baseline,P0,0004_baseline_1024x1024_p0_s1_r1,runwayml/stable-diffusion-v1-5,ddim,0,stone_golem,1,1,0,0,0,0,1024,1024,10,7.5,cuda,fp16,2.172647267000229,0.4602679943443826,5081.2216796875,1,,2.5.0+cu124,0.37.0,local,unavailable,3.12.7,Linux-6.2.0-37-generic-x86_64-with-glibc2.35,NVIDIA A100-SXM4-40GB,2026-03-24T11:57:53+00:00,samples/baseline_p0_h1024_w1024_s1_r1.png
ablation_sd15_p0_20260324,baseline,P0,0005_baseline_1024x1024_p0_s1_r2,runwayml/stable-diffusion-v1-5,ddim,0,stone_golem,1,2,0,0,0,0,1024,1024,10,7.5,cuda,fp16,1.8825414080001792,0.531196814981243,5081.2216796875,1,,2.5.0+cu124,0.37.0,local,unavailable,3.12.7,Linux-6.2.0-37-generic-x86_64-with-glibc2.35,NVIDIA A100-SXM4-40GB,2026-03-24T11:58:08+00:00,samples/baseline_p0_h1024_w1024_s1_r2.png
ablation_sd15_p0_20260324,baseline,P0,0006_baseline_1536x1536_p0_s0_r0,runwayml/stable-diffusion-v1-5,ddim,0,stone_golem,0,0,0,0,0,0,1536,1536,10,7.5,cuda,fp16,4.813021805999597,0.2077696799032711,8122.4716796875,1,,2.5.0+cu124,0.37.0,local,unavailable,3.12.7,Linux-6.2.0-37-generic-x86_64-with-glibc2.35,NVIDIA A100-SXM4-40GB,2026-03-24T11:58:26+00:00,samples/baseline_p0_h1536_w1536_s0_r0.png
ablation_sd15_p0_20260324,baseline,P0,0007_baseline_1536x1536_p0_s0_r1,runwayml/stable-diffusion-v1-5,ddim,0,stone_golem,0,1,0,0,0,0,1536,1536,10,7.5,cuda,fp16,4.790449859000091,0.2087486623247382,8122.4716796875,1,,2.5.0+cu124,0.37.0,local,unavailable,3.12.7,Linux-6.2.0-37-generic-x86_64-with-glibc2.35,NVIDIA A100-SXM4-40GB,2026-03-24T11:58:50+00:00,samples/baseline_p0_h1536_w1536_s0_r1.png
ablation_sd15_p0_20260324,baseline,P0,0008_baseline_1536x1536_p0_s0_r2,runwayml/stable-diffusion-v1-5,ddim,0,stone_golem,0,2,0,0,0,0,1536,1536,10,7.5,cuda,fp16,5.005462705999889,0.1997817302287222,8122.4716796875,1,,2.5.0+cu124,0.37.0,local,unavailable,3.12.7,Linux-6.2.0-37-generic-x86_64-with-glibc2.35,NVIDIA A100-SXM4-40GB,2026-03-24T11:59:06+00:00,samples/baseline_p0_h1536_w1536_s0_r2.png
ablation_sd15_p0_20260324,baseline,P0,0009_baseline_1536x1536_p0_s1_r0,runwayml/stable-diffusion-v1-5,ddim,0,stone_golem,1,0,0,0,0,0,1536,1536,10,7.5,cuda,fp16,5.030803825999556,0.1987753914855372,8122.4716796875,1,,2.5.0+cu124,0.37.0,local,unavailable,3.12.7,Linux-6.2.0-37-generic-x86_64-with-glibc2.35,NVIDIA A100-SXM4-40GB,2026-03-24T11:59:25+00:00,samples/baseline_p0_h1536_w1536_s1_r0.png
ablation_sd15_p0_20260324,baseline,P0,0010_baseline_1536x1536_p0_s1_r1,runwayml/stable-diffusion-v1-5,ddim,0,stone_golem,1,1,0,0,0,0,1536,1536,10,7.5,cuda,fp16,4.917872507000084,0.2033399602321132,8122.4716796875,1,,2.5.0+cu124,0.37.0,local,unavailable,3.12.7,Linux-6.2.0-37-generic-x86_64-with-glibc2.35,NVIDIA A100-SXM4-40GB,2026-03-24T11:59:44+00:00,samples/baseline_p0_h1536_w1536_s1_r1.png
ablation_sd15_p0_20260324,baseline,P0,0011_baseline_1536x1536_p0_s1_r2,runwayml/stable-diffusion-v1-5,ddim,0,stone_golem,1,2,0,0,0,0,1536,1536,10,7.5,cuda,fp16,4.760029467000095,0.2100827330865723,8122.4716796875,1,,2.5.0+cu124,0.37.0,local,unavailable,3.12.7,Linux-6.2.0-37-generic-x86_64-with-glibc2.35,NVIDIA A100-SXM4-40GB,2026-03-24T12:00:09+00:00,samples/baseline_p0_h1536_w1536_s1_r2.png
ablation_sd15_p0_20260324,baseline,P0,0012_baseline_2048x2048_p0_s0_r0,runwayml/stable-diffusion-v1-5,ddim,0,stone_golem,0,0,0,0,0,0,2048,2048,10,7.5,cuda,fp16,11.168304299000283,0.08953910756976,12380.2216796875,1,,2.5.0+cu124,0.37.0,local,unavailable,3.12.7,Linux-6.2.0-37-generic-x86_64-with-glibc2.35,NVIDIA A100-SXM4-40GB,2026-03-24T12:00:27+00:00,samples/baseline_p0_h2048_w2048_s0_r0.png
ablation_sd15_p0_20260324,baseline,P0,0013_baseline_2048x2048_p0_s0_r1,runwayml/stable-diffusion-v1-5,ddim,0,stone_golem,0,1,0,0,0,0,2048,2048,10,7.5,cuda,fp16,11.267205534000368,0.0887531515230072,12380.2216796875,1,,2.5.0+cu124,0.37.0,local,unavailable,3.12.7,Linux-6.2.0-37-generic-x86_64-with-glibc2.35,NVIDIA A100-SXM4-40GB,2026-03-24T12:00:49+00:00,samples/baseline_p0_h2048_w2048_s0_r1.png
ablation_sd15_p0_20260324,baseline,P0,0014_baseline_2048x2048_p0_s0_r2,runwayml/stable-diffusion-v1-5,ddim,0,stone_golem,0,2,0,0,0,0,2048,2048,10,7.5,cuda,fp16,11.187297278000187,0.0893870945904422,12380.2216796875,1,,2.5.0+cu124,0.37.0,local,unavailable,3.12.7,Linux-6.2.0-37-generic-x86_64-with-glibc2.35,NVIDIA A100-SXM4-40GB,2026-03-24T12:01:13+00:00,samples/baseline_p0_h2048_w2048_s0_r2.png
ablation_sd15_p0_20260324,baseline,P0,0015_baseline_2048x2048_p0_s1_r0,runwayml/stable-diffusion-v1-5,ddim,0,stone_golem,1,0,0,0,0,0,2048,2048,10,7.5,cuda,fp16,11.255279286000132,0.0888471955772656,12380.2216796875,1,,2.5.0+cu124,0.37.0,local,unavailable,3.12.7,Linux-6.2.0-37-generic-x86_64-with-glibc2.35,NVIDIA A100-SXM4-40GB,2026-03-24T12:01:39+00:00,samples/baseline_p0_h2048_w2048_s1_r0.png
ablation_sd15_p0_20260324,baseline,P0,0016_baseline_2048x2048_p0_s1_r1,runwayml/stable-diffusion-v1-5,ddim,0,stone_golem,1,1,0,0,0,0,2048,2048,10,7.5,cuda,fp16,11.267464804000156,0.0887511092686068,12380.2216796875,1,,2.5.0+cu124,0.37.0,local,unavailable,3.12.7,Linux-6.2.0-37-generic-x86_64-with-glibc2.35,NVIDIA A100-SXM4-40GB,2026-03-24T12:02:12+00:00,samples/baseline_p0_h2048_w2048_s1_r1.png
ablation_sd15_p0_20260324,baseline,P0,0017_baseline_2048x2048_p0_s1_r2,runwayml/stable-diffusion-v1-5,ddim,0,stone_golem,1,2,0,0,0,0,2048,2048,10,7.5,cuda,fp16,11.08317009500024,0.0902268927958718,12380.2216796875,1,,2.5.0+cu124,0.37.0,local,unavailable,3.12.7,Linux-6.2.0-37-generic-x86_64-with-glibc2.35,NVIDIA A100-SXM4-40GB,2026-03-24T12:02:37+00:00,samples/baseline_p0_h2048_w2048_s1_r2.png
ablation_sd15_p0_20260324,base+offload,P0,0036_base+offload_1024x1024_p0_s0_r0,runwayml/stable-diffusion-v1-5,ddim,0,stone_golem,0,0,0,0,1,0,1024,1024,10,7.5,cuda,fp16,4.839914445999966,0.2066152224708161,3190.0615234375,1,,2.5.0+cu124,0.37.0,local,unavailable,3.12.7,Linux-6.2.0-37-generic-x86_64-with-glibc2.35,NVIDIA A100-SXM4-40GB,2026-03-24T12:06:38+00:00,samples/base_offload_p0_h1024_w1024_s0_r0.png
ablation_sd15_p0_20260324,base+offload,P0,0037_base+offload_1024x1024_p0_s0_r1,runwayml/stable-diffusion-v1-5,ddim,0,stone_golem,0,1,0,0,1,0,1024,1024,10,7.5,cuda,fp16,3.943830982000236,0.2535605619419367,3190.0615234375,1,,2.5.0+cu124,0.37.0,local,unavailable,3.12.7,Linux-6.2.0-37-generic-x86_64-with-glibc2.35,NVIDIA A100-SXM4-40GB,2026-03-24T12:07:03+00:00,samples/base_offload_p0_h1024_w1024_s0_r1.png
ablation_sd15_p0_20260324,base+offload,P0,0038_base+offload_1024x1024_p0_s0_r2,runwayml/stable-diffusion-v1-5,ddim,0,stone_golem,0,2,0,0,1,0,1024,1024,10,7.5,cuda,fp16,3.9054874170001312,0.2560499863978864,3190.0615234375,1,,2.5.0+cu124,0.37.0,local,unavailable,3.12.7,Linux-6.2.0-37-generic-x86_64-with-glibc2.35,NVIDIA A100-SXM4-40GB,2026-03-24T12:07:19+00:00,samples/base_offload_p0_h1024_w1024_s0_r2.png
ablation_sd15_p0_20260324,base+offload,P0,0039_base+offload_1024x1024_p0_s1_r0,runwayml/stable-diffusion-v1-5,ddim,0,stone_golem,1,0,0,0,1,0,1024,1024,10,7.5,cuda,fp16,4.0864882019996,0.2447088919798373,3190.0615234375,1,,2.5.0+cu124,0.37.0,local,unavailable,3.12.7,Linux-6.2.0-37-generic-x86_64-with-glibc2.35,NVIDIA A100-SXM4-40GB,2026-03-24T12:07:45+00:00,samples/base_offload_p0_h1024_w1024_s1_r0.png
ablation_sd15_p0_20260324,base+offload,P0,0040_base+offload_1024x1024_p0_s1_r1,runwayml/stable-diffusion-v1-5,ddim,0,stone_golem,1,1,0,0,1,0,1024,1024,10,7.5,cuda,fp16,3.7516682629998286,0.2665480873835048,3190.0615234375,1,,2.5.0+cu124,0.37.0,local,unavailable,3.12.7,Linux-6.2.0-37-generic-x86_64-with-glibc2.35,NVIDIA A100-SXM4-40GB,2026-03-24T12:08:19+00:00,samples/base_offload_p0_h1024_w1024_s1_r1.png
ablation_sd15_p0_20260324,base+offload,P0,0041_base+offload_1024x1024_p0_s1_r2,runwayml/stable-diffusion-v1-5,ddim,0,stone_golem,1,2,0,0,1,0,1024,1024,10,7.5,cuda,fp16,4.411039351999989,0.2267039398654638,3190.0615234375,1,,2.5.0+cu124,0.37.0,local,unavailable,3.12.7,Linux-6.2.0-37-generic-x86_64-with-glibc2.35,NVIDIA A100-SXM4-40GB,2026-03-24T12:08:38+00:00,samples/base_offload_p0_h1024_w1024_s1_r2.png
ablation_sd15_p0_20260324,base+offload,P0,0042_base+offload_1536x1536_p0_s0_r0,runwayml/stable-diffusion-v1-5,ddim,0,stone_golem,0,0,0,0,1,0,1536,1536,10,7.5,cuda,fp16,6.633859729000051,0.1507418065577238,6231.3115234375,1,,2.5.0+cu124,0.37.0,local,unavailable,3.12.7,Linux-6.2.0-37-generic-x86_64-with-glibc2.35,NVIDIA A100-SXM4-40GB,2026-03-24T12:08:59+00:00,samples/base_offload_p0_h1536_w1536_s0_r0.png
ablation_sd15_p0_20260324,base+offload,P0,0043_base+offload_1536x1536_p0_s0_r1,runwayml/stable-diffusion-v1-5,ddim,0,stone_golem,0,1,0,0,1,0,1536,1536,10,7.5,cuda,fp16,6.826033562999783,0.146497961190882,6231.3115234375,1,,2.5.0+cu124,0.37.0,local,unavailable,3.12.7,Linux-6.2.0-37-generic-x86_64-with-glibc2.35,NVIDIA A100-SXM4-40GB,2026-03-24T12:09:19+00:00,samples/base_offload_p0_h1536_w1536_s0_r1.png
ablation_sd15_p0_20260324,base+offload,P0,0044_base+offload_1536x1536_p0_s0_r2,runwayml/stable-diffusion-v1-5,ddim,0,stone_golem,0,2,0,0,1,0,1536,1536,10,7.5,cuda,fp16,6.8592955259996415,0.1457875661151463,6231.3115234375,1,,2.5.0+cu124,0.37.0,local,unavailable,3.12.7,Linux-6.2.0-37-generic-x86_64-with-glibc2.35,NVIDIA A100-SXM4-40GB,2026-03-24T12:09:44+00:00,samples/base_offload_p0_h1536_w1536_s0_r2.png
ablation_sd15_p0_20260324,base+offload,P0,0045_base+offload_1536x1536_p0_s1_r0,runwayml/stable-diffusion-v1-5,ddim,0,stone_golem,1,0,0,0,1,0,1536,1536,10,7.5,cuda,fp16,7.588308014000177,0.1317816828408959,6231.3115234375,1,,2.5.0+cu124,0.37.0,local,unavailable,3.12.7,Linux-6.2.0-37-generic-x86_64-with-glibc2.35,NVIDIA A100-SXM4-40GB,2026-03-24T12:10:08+00:00,samples/base_offload_p0_h1536_w1536_s1_r0.png
ablation_sd15_p0_20260324,base+offload,P0,0046_base+offload_1536x1536_p0_s1_r1,runwayml/stable-diffusion-v1-5,ddim,0,stone_golem,1,1,0,0,1,0,1536,1536,10,7.5,cuda,fp16,7.280693709999923,0.1373495493467216,6231.3115234375,1,,2.5.0+cu124,0.37.0,local,unavailable,3.12.7,Linux-6.2.0-37-generic-x86_64-with-glibc2.35,NVIDIA A100-SXM4-40GB,2026-03-24T12:10:31+00:00,samples/base_offload_p0_h1536_w1536_s1_r1.png
ablation_sd15_p0_20260324,base+offload,P0,0047_base+offload_1536x1536_p0_s1_r2,runwayml/stable-diffusion-v1-5,ddim,0,stone_golem,1,2,0,0,1,0,1536,1536,10,7.5,cuda,fp16,7.044408962000034,0.1419565509887833,6231.3115234375,1,,2.5.0+cu124,0.37.0,local,unavailable,3.12.7,Linux-6.2.0-37-generic-x86_64-with-glibc2.35,NVIDIA A100-SXM4-40GB,2026-03-24T12:10:53+00:00,samples/base_offload_p0_h1536_w1536_s1_r2.png
ablation_sd15_p0_20260324,base+offload,P0,0048_base+offload_2048x2048_p0_s0_r0,runwayml/stable-diffusion-v1-5,ddim,0,stone_golem,0,0,0,0,1,0,2048,2048,10,7.5,cuda,fp16,15.569928065000113,0.06422637251921,10489.0615234375,1,,2.5.0+cu124,0.37.0,local,unavailable,3.12.7,Linux-6.2.0-37-generic-x86_64-with-glibc2.35,NVIDIA A100-SXM4-40GB,2026-03-24T12:11:12+00:00,samples/base_offload_p0_h2048_w2048_s0_r0.png
ablation_sd15_p0_20260324,base+offload,P0,0049_base+offload_2048x2048_p0_s0_r1,runwayml/stable-diffusion-v1-5,ddim,0,stone_golem,0,1,0,0,1,0,2048,2048,10,7.5,cuda,fp16,13.124482096000063,0.0761934827359602,10489.0615234375,1,,2.5.0+cu124,0.37.0,local,unavailable,3.12.7,Linux-6.2.0-37-generic-x86_64-with-glibc2.35,NVIDIA A100-SXM4-40GB,2026-03-24T12:11:46+00:00,samples/base_offload_p0_h2048_w2048_s0_r1.png
ablation_sd15_p0_20260324,base+offload,P0,0050_base+offload_2048x2048_p0_s0_r2,runwayml/stable-diffusion-v1-5,ddim,0,stone_golem,0,2,0,0,1,0,2048,2048,10,7.5,cuda,fp16,13.186946953000188,0.075832564092668,10489.0615234375,1,,2.5.0+cu124,0.37.0,local,unavailable,3.12.7,Linux-6.2.0-37-generic-x86_64-with-glibc2.35,NVIDIA A100-SXM4-40GB,2026-03-24T12:12:19+00:00,samples/base_offload_p0_h2048_w2048_s0_r2.png
ablation_sd15_p0_20260324,base+offload,P0,0051_base+offload_2048x2048_p0_s1_r0,runwayml/stable-diffusion-v1-5,ddim,0,stone_golem,1,0,0,0,1,0,2048,2048,10,7.5,cuda,fp16,15.471609496999918,0.0646345165442489,10489.0615234375,1,,2.5.0+cu124,0.37.0,local,unavailable,3.12.7,Linux-6.2.0-37-generic-x86_64-with-glibc2.35,NVIDIA A100-SXM4-40GB,2026-03-24T12:12:48+00:00,samples/base_offload_p0_h2048_w2048_s1_r0.png
ablation_sd15_p0_20260324,base+offload,P0,0052_base+offload_2048x2048_p0_s1_r1,runwayml/stable-diffusion-v1-5,ddim,0,stone_golem,1,1,0,0,1,0,2048,2048,10,7.5,cuda,fp16,13.3274816990006,0.0750329298951495,10489.0615234375,1,,2.5.0+cu124,0.37.0,local,unavailable,3.12.7,Linux-6.2.0-37-generic-x86_64-with-glibc2.35,NVIDIA A100-SXM4-40GB,2026-03-24T12:13:23+00:00,samples/base_offload_p0_h2048_w2048_s1_r1.png
ablation_sd15_p0_20260324,base+offload,P0,0053_base+offload_2048x2048_p0_s1_r2,runwayml/stable-diffusion-v1-5,ddim,0,stone_golem,1,2,0,0,1,0,2048,2048,10,7.5,cuda,fp16,13.764283987999988,0.0726517994595158,10489.0615234375,1,,2.5.0+cu124,0.37.0,local,unavailable,3.12.7,Linux-6.2.0-37-generic-x86_64-with-glibc2.35,NVIDIA A100-SXM4-40GB,2026-03-24T12:13:52+00:00,samples/base_offload_p0_h2048_w2048_s1_r2.png
ablation_sd15_p0_20260324,base+tiling,P0,0054_base+tiling_1024x1024_p0_s0_r0,runwayml/stable-diffusion-v1-5,ddim,0,stone_golem,0,0,0,0,0,1,1024,1024,10,7.5,cuda,fp16,2.38434296000014,0.4194027523624123,3262.3779296875,1,,2.5.0+cu124,0.37.0,local,unavailable,3.12.7,Linux-6.2.0-37-generic-x86_64-with-glibc2.35,NVIDIA A100-SXM4-40GB,2026-03-24T12:14:25+00:00,samples/base_tiling_p0_h1024_w1024_s0_r0.png
ablation_sd15_p0_20260324,base+tiling,P0,0055_base+tiling_1024x1024_p0_s0_r1,runwayml/stable-diffusion-v1-5,ddim,0,stone_golem,0,1,0,0,0,1,1024,1024,10,7.5,cuda,fp16,2.389479595000012,0.4185011674058657,3262.3779296875,1,,2.5.0+cu124,0.37.0,local,unavailable,3.12.7,Linux-6.2.0-37-generic-x86_64-with-glibc2.35,NVIDIA A100-SXM4-40GB,2026-03-24T12:14:38+00:00,samples/base_tiling_p0_h1024_w1024_s0_r1.png
ablation_sd15_p0_20260324,base+tiling,P0,0056_base+tiling_1024x1024_p0_s0_r2,runwayml/stable-diffusion-v1-5,ddim,0,stone_golem,0,2,0,0,0,1,1024,1024,10,7.5,cuda,fp16,2.122378404000301,0.4711695134643191,3262.3779296875,1,,2.5.0+cu124,0.37.0,local,unavailable,3.12.7,Linux-6.2.0-37-generic-x86_64-with-glibc2.35,NVIDIA A100-SXM4-40GB,2026-03-24T12:15:03+00:00,samples/base_tiling_p0_h1024_w1024_s0_r2.png
ablation_sd15_p0_20260324,base+tiling,P0,0057_base+tiling_1024x1024_p0_s1_r0,runwayml/stable-diffusion-v1-5,ddim,0,stone_golem,1,0,0,0,0,1,1024,1024,10,7.5,cuda,fp16,2.300861862999227,0.4346197466615735,3262.3779296875,1,,2.5.0+cu124,0.37.0,local,unavailable,3.12.7,Linux-6.2.0-37-generic-x86_64-with-glibc2.35,NVIDIA A100-SXM4-40GB,2026-03-24T12:15:21+00:00,samples/base_tiling_p0_h1024_w1024_s1_r0.png
ablation_sd15_p0_20260324,base+tiling,P0,0058_base+tiling_1024x1024_p0_s1_r1,runwayml/stable-diffusion-v1-5,ddim,0,stone_golem,1,1,0,0,0,1,1024,1024,10,7.5,cuda,fp16,2.143372620000264,0.4665544341981362,3262.3779296875,1,,2.5.0+cu124,0.37.0,local,unavailable,3.12.7,Linux-6.2.0-37-generic-x86_64-with-glibc2.35,NVIDIA A100-SXM4-40GB,2026-03-24T12:15:34+00:00,samples/base_tiling_p0_h1024_w1024_s1_r1.png
ablation_sd15_p0_20260324,base+tiling,P0,0059_base+tiling_1024x1024_p0_s1_r2,runwayml/stable-diffusion-v1-5,ddim,0,stone_golem,1,2,0,0,0,1,1024,1024,10,7.5,cuda,fp16,2.430922849000126,0.4113664077867854,3262.3779296875,1,,2.5.0+cu124,0.37.0,local,unavailable,3.12.7,Linux-6.2.0-37-generic-x86_64-with-glibc2.35,NVIDIA A100-SXM4-40GB,2026-03-24T12:15:54+00:00,samples/base_tiling_p0_h1024_w1024_s1_r2.png
ablation_sd15_p0_20260324,base+tiling,P0,0060_base+tiling_1536x1536_p0_s0_r0,runwayml/stable-diffusion-v1-5,ddim,0,stone_golem,0,0,0,0,0,1,1536,1536,10,7.5,cuda,fp16,4.991864240999348,0.2003259607476434,3822.91552734375,1,,2.5.0+cu124,0.37.0,local,unavailable,3.12.7,Linux-6.2.0-37-generic-x86_64-with-glibc2.35,NVIDIA A100-SXM4-40GB,2026-03-24T12:16:08+00:00,samples/base_tiling_p0_h1536_w1536_s0_r0.png
ablation_sd15_p0_20260324,base+tiling,P0,0061_base+tiling_1536x1536_p0_s0_r1,runwayml/stable-diffusion-v1-5,ddim,0,stone_golem,0,1,0,0,0,1,1536,1536,10,7.5,cuda,fp16,5.203348402999836,0.1921839405225065,3822.91552734375,1,,2.5.0+cu124,0.37.0,local,unavailable,3.12.7,Linux-6.2.0-37-generic-x86_64-with-glibc2.35,NVIDIA A100-SXM4-40GB,2026-03-24T12:16:24+00:00,samples/base_tiling_p0_h1536_w1536_s0_r1.png
ablation_sd15_p0_20260324,base+tiling,P0,0062_base+tiling_1536x1536_p0_s0_r2,runwayml/stable-diffusion-v1-5,ddim,0,stone_golem,0,2,0,0,0,1,1536,1536,10,7.5,cuda,fp16,5.19738513899938,0.1924044443996166,3822.91552734375,1,,2.5.0+cu124,0.37.0,local,unavailable,3.12.7,Linux-6.2.0-37-generic-x86_64-with-glibc2.35,NVIDIA A100-SXM4-40GB,2026-03-24T12:16:46+00:00,samples/base_tiling_p0_h1536_w1536_s0_r2.png
ablation_sd15_p0_20260324,base+tiling,P0,0063_base+tiling_1536x1536_p0_s1_r0,runwayml/stable-diffusion-v1-5,ddim,0,stone_golem,1,0,0,0,0,1,1536,1536,10,7.5,cuda,fp16,5.638734572000431,0.1773447547904767,3822.91552734375,1,,2.5.0+cu124,0.37.0,local,unavailable,3.12.7,Linux-6.2.0-37-generic-x86_64-with-glibc2.35,NVIDIA A100-SXM4-40GB,2026-03-24T12:17:04+00:00,samples/base_tiling_p0_h1536_w1536_s1_r0.png
ablation_sd15_p0_20260324,base+tiling,P0,0064_base+tiling_1536x1536_p0_s1_r1,runwayml/stable-diffusion-v1-5,ddim,0,stone_golem,1,1,0,0,0,1,1536,1536,10,7.5,cuda,fp16,5.404871777000153,0.1850182652353367,3822.91552734375,1,,2.5.0+cu124,0.37.0,local,unavailable,3.12.7,Linux-6.2.0-37-generic-x86_64-with-glibc2.35,NVIDIA A100-SXM4-40GB,2026-03-24T12:17:25+00:00,samples/base_tiling_p0_h1536_w1536_s1_r1.png
ablation_sd15_p0_20260324,base+tiling,P0,0065_base+tiling_1536x1536_p0_s1_r2,runwayml/stable-diffusion-v1-5,ddim,0,stone_golem,1,2,0,0,0,1,1536,1536,10,7.5,cuda,fp16,5.238801688000422,0.1908833469093742,3822.91552734375,1,,2.5.0+cu124,0.37.0,local,unavailable,3.12.7,Linux-6.2.0-37-generic-x86_64-with-glibc2.35,NVIDIA A100-SXM4-40GB,2026-03-24T12:17:52+00:00,samples/base_tiling_p0_h1536_w1536_s1_r2.png
ablation_sd15_p0_20260324,base+tiling,P0,0066_base+tiling_2048x2048_p0_s0_r0,runwayml/stable-diffusion-v1-5,ddim,0,stone_golem,0,0,0,0,0,1,2048,2048,10,7.5,cuda,fp16,12.464658453000084,0.0802268272147732,4729.22802734375,1,,2.5.0+cu124,0.37.0,local,unavailable,3.12.7,Linux-6.2.0-37-generic-x86_64-with-glibc2.35,NVIDIA A100-SXM4-40GB,2026-03-24T12:18:10+00:00,samples/base_tiling_p0_h2048_w2048_s0_r0.png
ablation_sd15_p0_20260324,base+tiling,P0,0067_base+tiling_2048x2048_p0_s0_r1,runwayml/stable-diffusion-v1-5,ddim,0,stone_golem,0,1,0,0,0,1,2048,2048,10,7.5,cuda,fp16,12.40900425700056,0.0805866433187697,4729.22802734375,1,,2.5.0+cu124,0.37.0,local,unavailable,3.12.7,Linux-6.2.0-37-generic-x86_64-with-glibc2.35,NVIDIA A100-SXM4-40GB,2026-03-24T12:18:41+00:00,samples/base_tiling_p0_h2048_w2048_s0_r1.png
ablation_sd15_p0_20260324,base+tiling,P0,0068_base+tiling_2048x2048_p0_s0_r2,runwayml/stable-diffusion-v1-5,ddim,0,stone_golem,0,2,0,0,0,1,2048,2048,10,7.5,cuda,fp16,12.202508781999311,0.0819503610171674,4729.22802734375,1,,2.5.0+cu124,0.37.0,local,unavailable,3.12.7,Linux-6.2.0-37-generic-x86_64-with-glibc2.35,NVIDIA A100-SXM4-40GB,2026-03-24T12:19:08+00:00,samples/base_tiling_p0_h2048_w2048_s0_r2.png
ablation_sd15_p0_20260324,base+tiling,P0,0069_base+tiling_2048x2048_p0_s1_r0,runwayml/stable-diffusion-v1-5,ddim,0,stone_golem,1,0,0,0,0,1,2048,2048,10,7.5,cuda,fp16,12.273399840999446,0.0814770163895001,4729.22802734375,1,,2.5.0+cu124,0.37.0,local,unavailable,3.12.7,Linux-6.2.0-37-generic-x86_64-with-glibc2.35,NVIDIA A100-SXM4-40GB,2026-03-24T12:19:33+00:00,samples/base_tiling_p0_h2048_w2048_s1_r0.png
ablation_sd15_p0_20260324,base+tiling,P0,0070_base+tiling_2048x2048_p0_s1_r1,runwayml/stable-diffusion-v1-5,ddim,0,stone_golem,1,1,0,0,0,1,2048,2048,10,7.5,cuda,fp16,12.529773754000416,0.0798099007718098,4729.22802734375,1,,2.5.0+cu124,0.37.0,local,unavailable,3.12.7,Linux-6.2.0-37-generic-x86_64-with-glibc2.35,NVIDIA A100-SXM4-40GB,2026-03-24T12:20:00+00:00,samples/base_tiling_p0_h2048_w2048_s1_r1.png
ablation_sd15_p0_20260324,base+tiling,P0,0071_base+tiling_2048x2048_p0_s1_r2,runwayml/stable-diffusion-v1-5,ddim,0,stone_golem,1,2,0,0,0,1,2048,2048,10,7.5,cuda,fp16,11.933259112000089,0.0837994038857666,4729.22802734375,1,,2.5.0+cu124,0.37.0,local,unavailable,3.12.7,Linux-6.2.0-37-generic-x86_64-with-glibc2.35,NVIDIA A100-SXM4-40GB,2026-03-24T12:20:29+00:00,samples/base_tiling_p0_h2048_w2048_s1_r2.png
ablation_sd15_p0_20260324,hidiffusion,P0,0072_hidiffusion_1024x1024_p0_s0_r0,runwayml/stable-diffusion-v1-5,ddim,0,stone_golem,0,0,1,0,0,0,1024,1024,10,7.5,cuda,fp16,2.537387311999737,0.3941061718370032,5081.2216796875,1,,2.5.0+cu124,0.37.0,local,unavailable,3.12.7,Linux-6.2.0-37-generic-x86_64-with-glibc2.35,NVIDIA A100-SXM4-40GB,2026-03-24T12:20:56+00:00,samples/hidiffusion_p0_h1024_w1024_s0_r0.png
ablation_sd15_p0_20260324,hidiffusion,P0,0073_hidiffusion_1024x1024_p0_s0_r1,runwayml/stable-diffusion-v1-5,ddim,0,stone_golem,0,1,1,0,0,0,1024,1024,10,7.5,cuda,fp16,1.6925084429994968,0.5908390023909011,5081.2216796875,1,,2.5.0+cu124,0.37.0,local,unavailable,3.12.7,Linux-6.2.0-37-generic-x86_64-with-glibc2.35,NVIDIA A100-SXM4-40GB,2026-03-24T12:21:09+00:00,samples/hidiffusion_p0_h1024_w1024_s0_r1.png
ablation_sd15_p0_20260324,hidiffusion,P0,0074_hidiffusion_1024x1024_p0_s0_r2,runwayml/stable-diffusion-v1-5,ddim,0,stone_golem,0,2,1,0,0,0,1024,1024,10,7.5,cuda,fp16,1.9642735489996996,0.5090940620308445,5081.2216796875,1,,2.5.0+cu124,0.37.0,local,unavailable,3.12.7,Linux-6.2.0-37-generic-x86_64-with-glibc2.35,NVIDIA A100-SXM4-40GB,2026-03-24T12:21:20+00:00,samples/hidiffusion_p0_h1024_w1024_s0_r2.png
ablation_sd15_p0_20260324,hidiffusion,P0,0075_hidiffusion_1024x1024_p0_s1_r0,runwayml/stable-diffusion-v1-5,ddim,0,stone_golem,1,0,1,0,0,0,1024,1024,10,7.5,cuda,fp16,1.6695336180000595,0.5989696698637933,5081.2216796875,1,,2.5.0+cu124,0.37.0,local,unavailable,3.12.7,Linux-6.2.0-37-generic-x86_64-with-glibc2.35,NVIDIA A100-SXM4-40GB,2026-03-24T12:21:34+00:00,samples/hidiffusion_p0_h1024_w1024_s1_r0.png
ablation_sd15_p0_20260324,hidiffusion,P0,0076_hidiffusion_1024x1024_p0_s1_r1,runwayml/stable-diffusion-v1-5,ddim,0,stone_golem,1,1,1,0,0,0,1024,1024,10,7.5,cuda,fp16,1.6712447300005806,0.598356411870123,5081.2216796875,1,,2.5.0+cu124,0.37.0,local,unavailable,3.12.7,Linux-6.2.0-37-generic-x86_64-with-glibc2.35,NVIDIA A100-SXM4-40GB,2026-03-24T12:21:52+00:00,samples/hidiffusion_p0_h1024_w1024_s1_r1.png
ablation_sd15_p0_20260324,hidiffusion,P0,0077_hidiffusion_1024x1024_p0_s1_r2,runwayml/stable-diffusion-v1-5,ddim,0,stone_golem,1,2,1,0,0,0,1024,1024,10,7.5,cuda,fp16,2.4085198229995517,0.4151927629786364,5081.2216796875,1,,2.5.0+cu124,0.37.0,local,unavailable,3.12.7,Linux-6.2.0-37-generic-x86_64-with-glibc2.35,NVIDIA A100-SXM4-40GB,2026-03-24T12:22:09+00:00,samples/hidiffusion_p0_h1024_w1024_s1_r2.png
ablation_sd15_p0_20260324,hidiffusion,P0,0078_hidiffusion_1536x1536_p0_s0_r0,runwayml/stable-diffusion-v1-5,ddim,0,stone_golem,0,0,1,0,0,0,1536,1536,10,7.5,cuda,fp16,3.1656849239998337,0.3158874063614969,8122.4716796875,1,,2.5.0+cu124,0.37.0,local,unavailable,3.12.7,Linux-6.2.0-37-generic-x86_64-with-glibc2.35,NVIDIA A100-SXM4-40GB,2026-03-24T12:22:23+00:00,samples/hidiffusion_p0_h1536_w1536_s0_r0.png
ablation_sd15_p0_20260324,hidiffusion,P0,0079_hidiffusion_1536x1536_p0_s0_r1,runwayml/stable-diffusion-v1-5,ddim,0,stone_golem,0,1,1,0,0,0,1536,1536,10,7.5,cuda,fp16,3.816791792000004,0.2620001442300311,8122.4716796875,1,,2.5.0+cu124,0.37.0,local,unavailable,3.12.7,Linux-6.2.0-37-generic-x86_64-with-glibc2.35,NVIDIA A100-SXM4-40GB,2026-03-24T12:22:39+00:00,samples/hidiffusion_p0_h1536_w1536_s0_r1.png
ablation_sd15_p0_20260324,hidiffusion,P0,0080_hidiffusion_1536x1536_p0_s0_r2,runwayml/stable-diffusion-v1-5,ddim,0,stone_golem,0,2,1,0,0,0,1536,1536,10,7.5,cuda,fp16,3.271328795000045,0.3056861791234244,8122.4716796875,1,,2.5.0+cu124,0.37.0,local,unavailable,3.12.7,Linux-6.2.0-37-generic-x86_64-with-glibc2.35,NVIDIA A100-SXM4-40GB,2026-03-24T12:22:56+00:00,samples/hidiffusion_p0_h1536_w1536_s0_r2.png
ablation_sd15_p0_20260324,hidiffusion,P0,0081_hidiffusion_1536x1536_p0_s1_r0,runwayml/stable-diffusion-v1-5,ddim,0,stone_golem,1,0,1,0,0,0,1536,1536,10,7.5,cuda,fp16,3.0888330489997315,0.3237468597805354,8122.4716796875,1,,2.5.0+cu124,0.37.0,local,unavailable,3.12.7,Linux-6.2.0-37-generic-x86_64-with-glibc2.35,NVIDIA A100-SXM4-40GB,2026-03-24T12:23:10+00:00,samples/hidiffusion_p0_h1536_w1536_s1_r0.png
ablation_sd15_p0_20260324,hidiffusion,P0,0082_hidiffusion_1536x1536_p0_s1_r1,runwayml/stable-diffusion-v1-5,ddim,0,stone_golem,1,1,1,0,0,0,1536,1536,10,7.5,cuda,fp16,3.219542857000306,0.3106031024950276,8122.4716796875,1,,2.5.0+cu124,0.37.0,local,unavailable,3.12.7,Linux-6.2.0-37-generic-x86_64-with-glibc2.35,NVIDIA A100-SXM4-40GB,2026-03-24T12:23:24+00:00,samples/hidiffusion_p0_h1536_w1536_s1_r1.png
ablation_sd15_p0_20260324,hidiffusion,P0,0083_hidiffusion_1536x1536_p0_s1_r2,runwayml/stable-diffusion-v1-5,ddim,0,stone_golem,1,2,1,0,0,0,1536,1536,10,7.5,cuda,fp16,3.0609210680004253,0.3266990483532001,8122.4716796875,1,,2.5.0+cu124,0.37.0,local,unavailable,3.12.7,Linux-6.2.0-37-generic-x86_64-with-glibc2.35,NVIDIA A100-SXM4-40GB,2026-03-24T12:23:40+00:00,samples/hidiffusion_p0_h1536_w1536_s1_r2.png
ablation_sd15_p0_20260324,hidiffusion,P0,0084_hidiffusion_2048x2048_p0_s0_r0,runwayml/stable-diffusion-v1-5,ddim,0,stone_golem,0,0,1,0,0,0,2048,2048,10,7.5,cuda,fp16,5.52635994100001,0.180950935276765,12380.2216796875,1,,2.5.0+cu124,0.37.0,local,unavailable,3.12.7,Linux-6.2.0-37-generic-x86_64-with-glibc2.35,NVIDIA A100-SXM4-40GB,2026-03-24T12:23:57+00:00,samples/hidiffusion_p0_h2048_w2048_s0_r0.png
ablation_sd15_p0_20260324,hidiffusion,P0,0085_hidiffusion_2048x2048_p0_s0_r1,runwayml/stable-diffusion-v1-5,ddim,0,stone_golem,0,1,1,0,0,0,2048,2048,10,7.5,cuda,fp16,5.576434049000454,0.1793260695299076,12380.2216796875,1,,2.5.0+cu124,0.37.0,local,unavailable,3.12.7,Linux-6.2.0-37-generic-x86_64-with-glibc2.35,NVIDIA A100-SXM4-40GB,2026-03-24T12:24:15+00:00,samples/hidiffusion_p0_h2048_w2048_s0_r1.png
ablation_sd15_p0_20260324,hidiffusion,P0,0086_hidiffusion_2048x2048_p0_s0_r2,runwayml/stable-diffusion-v1-5,ddim,0,stone_golem,0,2,1,0,0,0,2048,2048,10,7.5,cuda,fp16,5.51542440600042,0.181309710076357,12380.2216796875,1,,2.5.0+cu124,0.37.0,local,unavailable,3.12.7,Linux-6.2.0-37-generic-x86_64-with-glibc2.35,NVIDIA A100-SXM4-40GB,2026-03-24T12:24:31+00:00,samples/hidiffusion_p0_h2048_w2048_s0_r2.png
ablation_sd15_p0_20260324,hidiffusion,P0,0087_hidiffusion_2048x2048_p0_s1_r0,runwayml/stable-diffusion-v1-5,ddim,0,stone_golem,1,0,1,0,0,0,2048,2048,10,7.5,cuda,fp16,6.517670596999778,0.1534290487862828,12380.2216796875,1,,2.5.0+cu124,0.37.0,local,unavailable,3.12.7,Linux-6.2.0-37-generic-x86_64-with-glibc2.35,NVIDIA A100-SXM4-40GB,2026-03-24T12:24:51+00:00,samples/hidiffusion_p0_h2048_w2048_s1_r0.png
ablation_sd15_p0_20260324,hidiffusion,P0,0088_hidiffusion_2048x2048_p0_s1_r1,runwayml/stable-diffusion-v1-5,ddim,0,stone_golem,1,1,1,0,0,0,2048,2048,10,7.5,cuda,fp16,6.369792540000162,0.1569909841993024,12380.2216796875,1,,2.5.0+cu124,0.37.0,local,unavailable,3.12.7,Linux-6.2.0-37-generic-x86_64-with-glibc2.35,NVIDIA A100-SXM4-40GB,2026-03-24T12:25:08+00:00,samples/hidiffusion_p0_h2048_w2048_s1_r1.png
ablation_sd15_p0_20260324,hidiffusion,P0,0089_hidiffusion_2048x2048_p0_s1_r2,runwayml/stable-diffusion-v1-5,ddim,0,stone_golem,1,2,1,0,0,0,2048,2048,10,7.5,cuda,fp16,5.383670705999975,0.185746873204099,12380.2216796875,1,,2.5.0+cu124,0.37.0,local,unavailable,3.12.7,Linux-6.2.0-37-generic-x86_64-with-glibc2.35,NVIDIA A100-SXM4-40GB,2026-03-24T12:25:36+00:00,samples/hidiffusion_p0_h2048_w2048_s1_r2.png
ablation_sd15_xformers_patch_20260324,base+xformers,P0,0000_base+xformers_1024x1024_p0_s0_r0,runwayml/stable-diffusion-v1-5,ddim,0,stone_golem,0,0,0,1,0,0,1024,1024,10,7.5,cuda,fp16,3.1533656240007986,0.31712148835163,5081.2216796875,1,,2.5.0+cu124,0.37.0,local,0.0.28.post3,3.12.7,Linux-6.2.0-37-generic-x86_64-with-glibc2.35,NVIDIA A100-SXM4-40GB,2026-03-24T13:22:38+00:00,samples/base_xformers_p0_h1024_w1024_s0_r0.png
ablation_sd15_xformers_patch_20260324,base+xformers,P0,0001_base+xformers_1024x1024_p0_s0_r1,runwayml/stable-diffusion-v1-5,ddim,0,stone_golem,0,1,0,1,0,0,1024,1024,10,7.5,cuda,fp16,1.9978028549994635,0.5005498903445449,5081.2216796875,1,,2.5.0+cu124,0.37.0,local,0.0.28.post3,3.12.7,Linux-6.2.0-37-generic-x86_64-with-glibc2.35,NVIDIA A100-SXM4-40GB,2026-03-24T13:22:56+00:00,samples/base_xformers_p0_h1024_w1024_s0_r1.png
ablation_sd15_xformers_patch_20260324,base+xformers,P0,0002_base+xformers_1024x1024_p0_s0_r2,runwayml/stable-diffusion-v1-5,ddim,0,stone_golem,0,2,0,1,0,0,1024,1024,10,7.5,cuda,fp16,2.3213252059995284,0.4307884123325214,5081.2216796875,1,,2.5.0+cu124,0.37.0,local,0.0.28.post3,3.12.7,Linux-6.2.0-37-generic-x86_64-with-glibc2.35,NVIDIA A100-SXM4-40GB,2026-03-24T13:23:10+00:00,samples/base_xformers_p0_h1024_w1024_s0_r2.png
ablation_sd15_xformers_patch_20260324,base+xformers,P0,0003_base+xformers_1024x1024_p0_s1_r0,runwayml/stable-diffusion-v1-5,ddim,0,stone_golem,1,0,0,1,0,0,1024,1024,10,7.5,cuda,fp16,2.043460085000333,0.4893660548303966,5081.2216796875,1,,2.5.0+cu124,0.37.0,local,0.0.28.post3,3.12.7,Linux-6.2.0-37-generic-x86_64-with-glibc2.35,NVIDIA A100-SXM4-40GB,2026-03-24T13:23:23+00:00,samples/base_xformers_p0_h1024_w1024_s1_r0.png
ablation_sd15_xformers_patch_20260324,base+xformers,P0,0004_base+xformers_1024x1024_p0_s1_r1,runwayml/stable-diffusion-v1-5,ddim,0,stone_golem,1,1,0,1,0,0,1024,1024,10,7.5,cuda,fp16,2.445701344000554,0.4088806683011634,5081.2216796875,1,,2.5.0+cu124,0.37.0,local,0.0.28.post3,3.12.7,Linux-6.2.0-37-generic-x86_64-with-glibc2.35,NVIDIA A100-SXM4-40GB,2026-03-24T13:23:41+00:00,samples/base_xformers_p0_h1024_w1024_s1_r1.png
ablation_sd15_xformers_patch_20260324,base+xformers,P0,0005_base+xformers_1024x1024_p0_s1_r2,runwayml/stable-diffusion-v1-5,ddim,0,stone_golem,1,2,0,1,0,0,1024,1024,10,7.5,cuda,fp16,2.4210716630004754,0.4130402314323414,5081.2216796875,1,,2.5.0+cu124,0.37.0,local,0.0.28.post3,3.12.7,Linux-6.2.0-37-generic-x86_64-with-glibc2.35,NVIDIA A100-SXM4-40GB,2026-03-24T13:23:57+00:00,samples/base_xformers_p0_h1024_w1024_s1_r2.png
ablation_sd15_xformers_patch_20260324,base+xformers,P0,0006_base+xformers_1536x1536_p0_s0_r0,runwayml/stable-diffusion-v1-5,ddim,0,stone_golem,0,0,0,1,0,0,1536,1536,10,7.5,cuda,fp16,4.978873362999366,0.2008486513096572,8122.4716796875,1,,2.5.0+cu124,0.37.0,local,0.0.28.post3,3.12.7,Linux-6.2.0-37-generic-x86_64-with-glibc2.35,NVIDIA A100-SXM4-40GB,2026-03-24T13:24:12+00:00,samples/base_xformers_p0_h1536_w1536_s0_r0.png
ablation_sd15_xformers_patch_20260324,base+xformers,P0,0007_base+xformers_1536x1536_p0_s0_r1,runwayml/stable-diffusion-v1-5,ddim,0,stone_golem,0,1,0,1,0,0,1536,1536,10,7.5,cuda,fp16,7.163224122001338,0.1396019422215997,8122.4716796875,1,,2.5.0+cu124,0.37.0,local,0.0.28.post3,3.12.7,Linux-6.2.0-37-generic-x86_64-with-glibc2.35,NVIDIA A100-SXM4-40GB,2026-03-24T13:24:35+00:00,samples/base_xformers_p0_h1536_w1536_s0_r1.png
ablation_sd15_xformers_patch_20260324,base+xformers,P0,0008_base+xformers_1536x1536_p0_s0_r2,runwayml/stable-diffusion-v1-5,ddim,0,stone_golem,0,2,0,1,0,0,1536,1536,10,7.5,cuda,fp16,7.335478918999797,0.1363237507792267,8122.4716796875,1,,2.5.0+cu124,0.37.0,local,0.0.28.post3,3.12.7,Linux-6.2.0-37-generic-x86_64-with-glibc2.35,NVIDIA A100-SXM4-40GB,2026-03-24T13:25:00+00:00,samples/base_xformers_p0_h1536_w1536_s0_r2.png
ablation_sd15_xformers_patch_20260324,base+xformers,P0,0009_base+xformers_1536x1536_p0_s1_r0,runwayml/stable-diffusion-v1-5,ddim,0,stone_golem,1,0,0,1,0,0,1536,1536,10,7.5,cuda,fp16,5.096216487001584,0.1962240031502981,8122.4716796875,1,,2.5.0+cu124,0.37.0,local,0.0.28.post3,3.12.7,Linux-6.2.0-37-generic-x86_64-with-glibc2.35,NVIDIA A100-SXM4-40GB,2026-03-24T13:25:26+00:00,samples/base_xformers_p0_h1536_w1536_s1_r0.png
ablation_sd15_xformers_patch_20260324,base+xformers,P0,0010_base+xformers_1536x1536_p0_s1_r1,runwayml/stable-diffusion-v1-5,ddim,0,stone_golem,1,1,0,1,0,0,1536,1536,10,7.5,cuda,fp16,5.111375643000429,0.1956420482163956,8122.4716796875,1,,2.5.0+cu124,0.37.0,local,0.0.28.post3,3.12.7,Linux-6.2.0-37-generic-x86_64-with-glibc2.35,NVIDIA A100-SXM4-40GB,2026-03-24T13:25:48+00:00,samples/base_xformers_p0_h1536_w1536_s1_r1.png
ablation_sd15_xformers_patch_20260324,base+xformers,P0,0011_base+xformers_1536x1536_p0_s1_r2,runwayml/stable-diffusion-v1-5,ddim,0,stone_golem,1,2,0,1,0,0,1536,1536,10,7.5,cuda,fp16,6.157410169998911,0.162405942172304,8122.4716796875,1,,2.5.0+cu124,0.37.0,local,0.0.28.post3,3.12.7,Linux-6.2.0-37-generic-x86_64-with-glibc2.35,NVIDIA A100-SXM4-40GB,2026-03-24T13:26:07+00:00,samples/base_xformers_p0_h1536_w1536_s1_r2.png
ablation_sd15_xformers_patch_20260324,base+xformers,P0,0012_base+xformers_2048x2048_p0_s0_r0,runwayml/stable-diffusion-v1-5,ddim,0,stone_golem,0,0,0,1,0,0,2048,2048,10,7.5,cuda,fp16,11.289079350000977,0.0885811826630409,12380.2216796875,1,,2.5.0+cu124,0.37.0,local,0.0.28.post3,3.12.7,Linux-6.2.0-37-generic-x86_64-with-glibc2.35,NVIDIA A100-SXM4-40GB,2026-03-24T13:26:33+00:00,samples/base_xformers_p0_h2048_w2048_s0_r0.png
ablation_sd15_xformers_patch_20260324,base+xformers,P0,0013_base+xformers_2048x2048_p0_s0_r1,runwayml/stable-diffusion-v1-5,ddim,0,stone_golem,0,1,0,1,0,0,2048,2048,10,7.5,cuda,fp16,11.443122960999972,0.0873887315034683,12380.2216796875,1,,2.5.0+cu124,0.37.0,local,0.0.28.post3,3.12.7,Linux-6.2.0-37-generic-x86_64-with-glibc2.35,NVIDIA A100-SXM4-40GB,2026-03-24T13:27:02+00:00,samples/base_xformers_p0_h2048_w2048_s0_r1.png
ablation_sd15_xformers_patch_20260324,base+xformers,P0,0014_base+xformers_2048x2048_p0_s0_r2,runwayml/stable-diffusion-v1-5,ddim,0,stone_golem,0,2,0,1,0,0,2048,2048,10,7.5,cuda,fp16,11.43406047499957,0.0874579946630934,12380.2216796875,1,,2.5.0+cu124,0.37.0,local,0.0.28.post3,3.12.7,Linux-6.2.0-37-generic-x86_64-with-glibc2.35,NVIDIA A100-SXM4-40GB,2026-03-24T13:27:29+00:00,samples/base_xformers_p0_h2048_w2048_s0_r2.png
ablation_sd15_xformers_patch_20260324,base+xformers,P0,0015_base+xformers_2048x2048_p0_s1_r0,runwayml/stable-diffusion-v1-5,ddim,0,stone_golem,1,0,0,1,0,0,2048,2048,10,7.5,cuda,fp16,13.261514187001012,0.0754061705095639,12380.2216796875,1,,2.5.0+cu124,0.37.0,local,0.0.28.post3,3.12.7,Linux-6.2.0-37-generic-x86_64-with-glibc2.35,NVIDIA A100-SXM4-40GB,2026-03-24T13:27:54+00:00,samples/base_xformers_p0_h2048_w2048_s1_r0.png
ablation_sd15_xformers_patch_20260324,base+xformers,P0,0016_base+xformers_2048x2048_p0_s1_r1,runwayml/stable-diffusion-v1-5,ddim,0,stone_golem,1,1,0,1,0,0,2048,2048,10,7.5,cuda,fp16,12.771073576001072,0.0783019527723309,12380.2216796875,1,,2.5.0+cu124,0.37.0,local,0.0.28.post3,3.12.7,Linux-6.2.0-37-generic-x86_64-with-glibc2.35,NVIDIA A100-SXM4-40GB,2026-03-24T13:28:23+00:00,samples/base_xformers_p0_h2048_w2048_s1_r1.png
ablation_sd15_xformers_patch_20260324,base+xformers,P0,0017_base+xformers_2048x2048_p0_s1_r2,runwayml/stable-diffusion-v1-5,ddim,0,stone_golem,1,2,0,1,0,0,2048,2048,10,7.5,cuda,fp16,11.469696387001022,0.0871862659881156,12380.2216796875,1,,2.5.0+cu124,0.37.0,local,0.0.28.post3,3.12.7,Linux-6.2.0-37-generic-x86_64-with-glibc2.35,NVIDIA A100-SXM4-40GB,2026-03-24T13:28:49+00:00,samples/base_xformers_p0_h2048_w2048_s1_r2.png
ablation_sd15_xformers_patch_20260324,hi+xformers,P0,0018_hi+xformers_1024x1024_p0_s0_r0,runwayml/stable-diffusion-v1-5,ddim,0,stone_golem,0,0,1,1,0,0,1024,1024,10,7.5,cuda,fp16,1.9907435880013509,0.5023248629442887,5081.2216796875,1,,2.5.0+cu124,0.37.0,local,0.0.28.post3,3.12.7,Linux-6.2.0-37-generic-x86_64-with-glibc2.35,NVIDIA A100-SXM4-40GB,2026-03-24T13:29:14+00:00,samples/hi_xformers_p0_h1024_w1024_s0_r0.png
ablation_sd15_xformers_patch_20260324,hi+xformers,P0,0019_hi+xformers_1024x1024_p0_s0_r1,runwayml/stable-diffusion-v1-5,ddim,0,stone_golem,0,1,1,1,0,0,1024,1024,10,7.5,cuda,fp16,2.1224998219986446,0.4711425601243884,5081.2216796875,1,,2.5.0+cu124,0.37.0,local,0.0.28.post3,3.12.7,Linux-6.2.0-37-generic-x86_64-with-glibc2.35,NVIDIA A100-SXM4-40GB,2026-03-24T13:29:29+00:00,samples/hi_xformers_p0_h1024_w1024_s0_r1.png
ablation_sd15_xformers_patch_20260324,hi+xformers,P0,0020_hi+xformers_1024x1024_p0_s0_r2,runwayml/stable-diffusion-v1-5,ddim,0,stone_golem,0,2,1,1,0,0,1024,1024,10,7.5,cuda,fp16,1.967791662998934,0.5081838788136698,5081.2216796875,1,,2.5.0+cu124,0.37.0,local,0.0.28.post3,3.12.7,Linux-6.2.0-37-generic-x86_64-with-glibc2.35,NVIDIA A100-SXM4-40GB,2026-03-24T13:29:42+00:00,samples/hi_xformers_p0_h1024_w1024_s0_r2.png
ablation_sd15_xformers_patch_20260324,hi+xformers,P0,0021_hi+xformers_1024x1024_p0_s1_r0,runwayml/stable-diffusion-v1-5,ddim,0,stone_golem,1,0,1,1,0,0,1024,1024,10,7.5,cuda,fp16,1.8587070200010205,0.5380084054341447,5081.2216796875,1,,2.5.0+cu124,0.37.0,local,0.0.28.post3,3.12.7,Linux-6.2.0-37-generic-x86_64-with-glibc2.35,NVIDIA A100-SXM4-40GB,2026-03-24T13:29:56+00:00,samples/hi_xformers_p0_h1024_w1024_s1_r0.png
ablation_sd15_xformers_patch_20260324,hi+xformers,P0,0022_hi+xformers_1024x1024_p0_s1_r1,runwayml/stable-diffusion-v1-5,ddim,0,stone_golem,1,1,1,1,0,0,1024,1024,10,7.5,cuda,fp16,4.451400683999964,0.2246483906951765,5081.2216796875,1,,2.5.0+cu124,0.37.0,local,0.0.28.post3,3.12.7,Linux-6.2.0-37-generic-x86_64-with-glibc2.35,NVIDIA A100-SXM4-40GB,2026-03-24T13:30:11+00:00,samples/hi_xformers_p0_h1024_w1024_s1_r1.png
ablation_sd15_xformers_patch_20260324,hi+xformers,P0,0023_hi+xformers_1024x1024_p0_s1_r2,runwayml/stable-diffusion-v1-5,ddim,0,stone_golem,1,2,1,1,0,0,1024,1024,10,7.5,cuda,fp16,1.760963142998662,0.5678710562318452,5081.2216796875,1,,2.5.0+cu124,0.37.0,local,0.0.28.post3,3.12.7,Linux-6.2.0-37-generic-x86_64-with-glibc2.35,NVIDIA A100-SXM4-40GB,2026-03-24T13:30:27+00:00,samples/hi_xformers_p0_h1024_w1024_s1_r2.png
ablation_sd15_xformers_patch_20260324,hi+xformers,P0,0024_hi+xformers_1536x1536_p0_s0_r0,runwayml/stable-diffusion-v1-5,ddim,0,stone_golem,0,0,1,1,0,0,1536,1536,10,7.5,cuda,fp16,5.811983642000996,0.1720582956864125,8122.4716796875,1,,2.5.0+cu124,0.37.0,local,0.0.28.post3,3.12.7,Linux-6.2.0-37-generic-x86_64-with-glibc2.35,NVIDIA A100-SXM4-40GB,2026-03-24T13:30:40+00:00,samples/hi_xformers_p0_h1536_w1536_s0_r0.png
ablation_sd15_xformers_patch_20260324,hi+xformers,P0,0025_hi+xformers_1536x1536_p0_s0_r1,runwayml/stable-diffusion-v1-5,ddim,0,stone_golem,0,1,1,1,0,0,1536,1536,10,7.5,cuda,fp16,4.4633915680005884,0.2240448736716949,8122.4716796875,1,,2.5.0+cu124,0.37.0,local,0.0.28.post3,3.12.7,Linux-6.2.0-37-generic-x86_64-with-glibc2.35,NVIDIA A100-SXM4-40GB,2026-03-24T13:31:00+00:00,samples/hi_xformers_p0_h1536_w1536_s0_r1.png
ablation_sd15_xformers_patch_20260324,hi+xformers,P0,0026_hi+xformers_1536x1536_p0_s0_r2,runwayml/stable-diffusion-v1-5,ddim,0,stone_golem,0,2,1,1,0,0,1536,1536,10,7.5,cuda,fp16,3.264768371000173,0.3063004435116009,8122.4716796875,1,,2.5.0+cu124,0.37.0,local,0.0.28.post3,3.12.7,Linux-6.2.0-37-generic-x86_64-with-glibc2.35,NVIDIA A100-SXM4-40GB,2026-03-24T13:31:17+00:00,samples/hi_xformers_p0_h1536_w1536_s0_r2.png
ablation_sd15_xformers_patch_20260324,hi+xformers,P0,0027_hi+xformers_1536x1536_p0_s1_r0,runwayml/stable-diffusion-v1-5,ddim,0,stone_golem,1,0,1,1,0,0,1536,1536,10,7.5,cuda,fp16,5.425864304999777,0.1843024343750227,8122.4716796875,1,,2.5.0+cu124,0.37.0,local,0.0.28.post3,3.12.7,Linux-6.2.0-37-generic-x86_64-with-glibc2.35,NVIDIA A100-SXM4-40GB,2026-03-24T13:31:32+00:00,samples/hi_xformers_p0_h1536_w1536_s1_r0.png
ablation_sd15_xformers_patch_20260324,hi+xformers,P0,0028_hi+xformers_1536x1536_p0_s1_r1,runwayml/stable-diffusion-v1-5,ddim,0,stone_golem,1,1,1,1,0,0,1536,1536,10,7.5,cuda,fp16,3.3579242570012866,0.2978030245664403,8122.4716796875,1,,2.5.0+cu124,0.37.0,local,0.0.28.post3,3.12.7,Linux-6.2.0-37-generic-x86_64-with-glibc2.35,NVIDIA A100-SXM4-40GB,2026-03-24T13:31:49+00:00,samples/hi_xformers_p0_h1536_w1536_s1_r1.png
ablation_sd15_xformers_patch_20260324,hi+xformers,P0,0029_hi+xformers_1536x1536_p0_s1_r2,runwayml/stable-diffusion-v1-5,ddim,0,stone_golem,1,2,1,1,0,0,1536,1536,10,7.5,cuda,fp16,3.2207117229991127,0.3104903779059134,8122.4716796875,1,,2.5.0+cu124,0.37.0,local,0.0.28.post3,3.12.7,Linux-6.2.0-37-generic-x86_64-with-glibc2.35,NVIDIA A100-SXM4-40GB,2026-03-24T13:32:05+00:00,samples/hi_xformers_p0_h1536_w1536_s1_r2.png
ablation_sd15_xformers_patch_20260324,hi+xformers,P0,0030_hi+xformers_2048x2048_p0_s0_r0,runwayml/stable-diffusion-v1-5,ddim,0,stone_golem,0,0,1,1,0,0,2048,2048,10,7.5,cuda,fp16,6.240860449999673,0.1602343151255773,12380.2216796875,1,,2.5.0+cu124,0.37.0,local,0.0.28.post3,3.12.7,Linux-6.2.0-37-generic-x86_64-with-glibc2.35,NVIDIA A100-SXM4-40GB,2026-03-24T13:32:34+00:00,samples/hi_xformers_p0_h2048_w2048_s0_r0.png
ablation_sd15_xformers_patch_20260324,hi+xformers,P0,0031_hi+xformers_2048x2048_p0_s0_r1,runwayml/stable-diffusion-v1-5,ddim,0,stone_golem,0,1,1,1,0,0,2048,2048,10,7.5,cuda,fp16,5.8390706819991465,0.1712601293015391,12380.2216796875,1,,2.5.0+cu124,0.37.0,local,0.0.28.post3,3.12.7,Linux-6.2.0-37-generic-x86_64-with-glibc2.35,NVIDIA A100-SXM4-40GB,2026-03-24T13:32:55+00:00,samples/hi_xformers_p0_h2048_w2048_s0_r1.png
ablation_sd15_xformers_patch_20260324,hi+xformers,P0,0032_hi+xformers_2048x2048_p0_s0_r2,runwayml/stable-diffusion-v1-5,ddim,0,stone_golem,0,2,1,1,0,0,2048,2048,10,7.5,cuda,fp16,5.792042879000292,0.1726506555442836,12380.2216796875,1,,2.5.0+cu124,0.37.0,local,0.0.28.post3,3.12.7,Linux-6.2.0-37-generic-x86_64-with-glibc2.35,NVIDIA A100-SXM4-40GB,2026-03-24T13:33:14+00:00,samples/hi_xformers_p0_h2048_w2048_s0_r2.png
ablation_sd15_xformers_patch_20260324,hi+xformers,P0,0033_hi+xformers_2048x2048_p0_s1_r0,runwayml/stable-diffusion-v1-5,ddim,0,stone_golem,1,0,1,1,0,0,2048,2048,10,7.5,cuda,fp16,5.781844908999119,0.1729551753357402,12380.2216796875,1,,2.5.0+cu124,0.37.0,local,0.0.28.post3,3.12.7,Linux-6.2.0-37-generic-x86_64-with-glibc2.35,NVIDIA A100-SXM4-40GB,2026-03-24T13:33:43+00:00,samples/hi_xformers_p0_h2048_w2048_s1_r0.png
ablation_sd15_xformers_patch_20260324,hi+xformers,P0,0034_hi+xformers_2048x2048_p0_s1_r1,runwayml/stable-diffusion-v1-5,ddim,0,stone_golem,1,1,1,1,0,0,2048,2048,10,7.5,cuda,fp16,7.576627780999843,0.1319848392853259,12380.2216796875,1,,2.5.0+cu124,0.37.0,local,0.0.28.post3,3.12.7,Linux-6.2.0-37-generic-x86_64-with-glibc2.35,NVIDIA A100-SXM4-40GB,2026-03-24T13:34:02+00:00,samples/hi_xformers_p0_h2048_w2048_s1_r1.png
ablation_sd15_xformers_patch_20260324,hi+xformers,P0,0035_hi+xformers_2048x2048_p0_s1_r2,runwayml/stable-diffusion-v1-5,ddim,0,stone_golem,1,2,1,1,0,0,2048,2048,10,7.5,cuda,fp16,8.103335309999238,0.1234059756562256,12380.2216796875,1,,2.5.0+cu124,0.37.0,local,0.0.28.post3,3.12.7,Linux-6.2.0-37-generic-x86_64-with-glibc2.35,NVIDIA A100-SXM4-40GB,2026-03-24T13:34:23+00:00,samples/hi_xformers_p0_h2048_w2048_s1_r2.png
ablation_sd15_xformers_patch_20260324,hi+xformers+tiling,P0,0036_hi+xformers+tiling_1024x1024_p0_s0_r0,runwayml/stable-diffusion-v1-5,ddim,0,stone_golem,0,0,1,1,0,1,1024,1024,10,7.5,cuda,fp16,2.145353226000225,0.4661237076863049,3262.3779296875,1,,2.5.0+cu124,0.37.0,local,0.0.28.post3,3.12.7,Linux-6.2.0-37-generic-x86_64-with-glibc2.35,NVIDIA A100-SXM4-40GB,2026-03-24T13:34:46+00:00,samples/hi_xformers_tiling_p0_h1024_w1024_s0_r0.png
ablation_sd15_xformers_patch_20260324,hi+xformers+tiling,P0,0037_hi+xformers+tiling_1024x1024_p0_s0_r1,runwayml/stable-diffusion-v1-5,ddim,0,stone_golem,0,1,1,1,0,1,1024,1024,10,7.5,cuda,fp16,2.2651622489993315,0.4414694799199327,3262.3779296875,1,,2.5.0+cu124,0.37.0,local,0.0.28.post3,3.12.7,Linux-6.2.0-37-generic-x86_64-with-glibc2.35,NVIDIA A100-SXM4-40GB,2026-03-24T13:35:06+00:00,samples/hi_xformers_tiling_p0_h1024_w1024_s0_r1.png
ablation_sd15_xformers_patch_20260324,hi+xformers+tiling,P0,0038_hi+xformers+tiling_1024x1024_p0_s0_r2,runwayml/stable-diffusion-v1-5,ddim,0,stone_golem,0,2,1,1,0,1,1024,1024,10,7.5,cuda,fp16,1.9586202730006332,0.5105634888931208,3262.3779296875,1,,2.5.0+cu124,0.37.0,local,0.0.28.post3,3.12.7,Linux-6.2.0-37-generic-x86_64-with-glibc2.35,NVIDIA A100-SXM4-40GB,2026-03-24T13:35:21+00:00,samples/hi_xformers_tiling_p0_h1024_w1024_s0_r2.png
ablation_sd15_xformers_patch_20260324,hi+xformers+tiling,P0,0039_hi+xformers+tiling_1024x1024_p0_s1_r0,runwayml/stable-diffusion-v1-5,ddim,0,stone_golem,1,0,1,1,0,1,1024,1024,10,7.5,cuda,fp16,4.607125488000747,0.2170550818736105,3262.3779296875,1,,2.5.0+cu124,0.37.0,local,0.0.28.post3,3.12.7,Linux-6.2.0-37-generic-x86_64-with-glibc2.35,NVIDIA A100-SXM4-40GB,2026-03-24T13:35:40+00:00,samples/hi_xformers_tiling_p0_h1024_w1024_s1_r0.png
ablation_sd15_xformers_patch_20260324,hi+xformers+tiling,P0,0040_hi+xformers+tiling_1024x1024_p0_s1_r1,runwayml/stable-diffusion-v1-5,ddim,0,stone_golem,1,1,1,1,0,1,1024,1024,10,7.5,cuda,fp16,1.8721072010011997,0.5341574453990678,3262.3779296875,1,,2.5.0+cu124,0.37.0,local,0.0.28.post3,3.12.7,Linux-6.2.0-37-generic-x86_64-with-glibc2.35,NVIDIA A100-SXM4-40GB,2026-03-24T13:35:57+00:00,samples/hi_xformers_tiling_p0_h1024_w1024_s1_r1.png
ablation_sd15_xformers_patch_20260324,hi+xformers+tiling,P0,0041_hi+xformers+tiling_1024x1024_p0_s1_r2,runwayml/stable-diffusion-v1-5,ddim,0,stone_golem,1,2,1,1,0,1,1024,1024,10,7.5,cuda,fp16,2.2330313519996707,0.4478217464813039,3262.3779296875,1,,2.5.0+cu124,0.37.0,local,0.0.28.post3,3.12.7,Linux-6.2.0-37-generic-x86_64-with-glibc2.35,NVIDIA A100-SXM4-40GB,2026-03-24T13:36:14+00:00,samples/hi_xformers_tiling_p0_h1024_w1024_s1_r2.png
ablation_sd15_xformers_patch_20260324,hi+xformers+tiling,P0,0042_hi+xformers+tiling_1536x1536_p0_s0_r0,runwayml/stable-diffusion-v1-5,ddim,0,stone_golem,0,0,1,1,0,1,1536,1536,10,7.5,cuda,fp16,3.4416766810008994,0.2905560552855832,3824.91552734375,1,,2.5.0+cu124,0.37.0,local,0.0.28.post3,3.12.7,Linux-6.2.0-37-generic-x86_64-with-glibc2.35,NVIDIA A100-SXM4-40GB,2026-03-24T13:36:28+00:00,samples/hi_xformers_tiling_p0_h1536_w1536_s0_r0.png
ablation_sd15_xformers_patch_20260324,hi+xformers+tiling,P0,0043_hi+xformers+tiling_1536x1536_p0_s0_r1,runwayml/stable-diffusion-v1-5,ddim,0,stone_golem,0,1,1,1,0,1,1536,1536,10,7.5,cuda,fp16,6.412245316001645,0.1559516130027835,3824.91552734375,1,,2.5.0+cu124,0.37.0,local,0.0.28.post3,3.12.7,Linux-6.2.0-37-generic-x86_64-with-glibc2.35,NVIDIA A100-SXM4-40GB,2026-03-24T13:36:43+00:00,samples/hi_xformers_tiling_p0_h1536_w1536_s0_r1.png
ablation_sd15_xformers_patch_20260324,hi+xformers+tiling,P0,0044_hi+xformers+tiling_1536x1536_p0_s0_r2,runwayml/stable-diffusion-v1-5,ddim,0,stone_golem,0,2,1,1,0,1,1536,1536,10,7.5,cuda,fp16,5.378199663000487,0.1859358266074677,3824.91552734375,1,,2.5.0+cu124,0.37.0,local,0.0.28.post3,3.12.7,Linux-6.2.0-37-generic-x86_64-with-glibc2.35,NVIDIA A100-SXM4-40GB,2026-03-24T13:37:06+00:00,samples/hi_xformers_tiling_p0_h1536_w1536_s0_r2.png
ablation_sd15_xformers_patch_20260324,hi+xformers+tiling,P0,0045_hi+xformers+tiling_1536x1536_p0_s1_r0,runwayml/stable-diffusion-v1-5,ddim,0,stone_golem,1,0,1,1,0,1,1536,1536,10,7.5,cuda,fp16,4.342641174000164,0.2302746093753041,3824.91552734375,1,,2.5.0+cu124,0.37.0,local,0.0.28.post3,3.12.7,Linux-6.2.0-37-generic-x86_64-with-glibc2.35,NVIDIA A100-SXM4-40GB,2026-03-24T13:37:25+00:00,samples/hi_xformers_tiling_p0_h1536_w1536_s1_r0.png
ablation_sd15_xformers_patch_20260324,hi+xformers+tiling,P0,0046_hi+xformers+tiling_1536x1536_p0_s1_r1,runwayml/stable-diffusion-v1-5,ddim,0,stone_golem,1,1,1,1,0,1,1536,1536,10,7.5,cuda,fp16,4.275065947998883,0.2339145201884173,3824.91552734375,1,,2.5.0+cu124,0.37.0,local,0.0.28.post3,3.12.7,Linux-6.2.0-37-generic-x86_64-with-glibc2.35,NVIDIA A100-SXM4-40GB,2026-03-24T13:37:47+00:00,samples/hi_xformers_tiling_p0_h1536_w1536_s1_r1.png
ablation_sd15_xformers_patch_20260324,hi+xformers+tiling,P0,0047_hi+xformers+tiling_1536x1536_p0_s1_r2,runwayml/stable-diffusion-v1-5,ddim,0,stone_golem,1,2,1,1,0,1,1536,1536,10,7.5,cuda,fp16,5.061933343999044,0.1975529767071126,3824.91552734375,1,,2.5.0+cu124,0.37.0,local,0.0.28.post3,3.12.7,Linux-6.2.0-37-generic-x86_64-with-glibc2.35,NVIDIA A100-SXM4-40GB,2026-03-24T13:38:05+00:00,samples/hi_xformers_tiling_p0_h1536_w1536_s1_r2.png
ablation_sd15_xformers_patch_20260324,hi+xformers+tiling,P0,0048_hi+xformers+tiling_2048x2048_p0_s0_r0,runwayml/stable-diffusion-v1-5,ddim,0,stone_golem,0,0,1,1,0,1,2048,2048,10,7.5,cuda,fp16,6.493205522001517,0.1540071381710634,4729.22802734375,1,,2.5.0+cu124,0.37.0,local,0.0.28.post3,3.12.7,Linux-6.2.0-37-generic-x86_64-with-glibc2.35,NVIDIA A100-SXM4-40GB,2026-03-24T13:38:28+00:00,samples/hi_xformers_tiling_p0_h2048_w2048_s0_r0.png
ablation_sd15_xformers_patch_20260324,hi+xformers+tiling,P0,0049_hi+xformers+tiling_2048x2048_p0_s0_r1,runwayml/stable-diffusion-v1-5,ddim,0,stone_golem,0,1,1,1,0,1,2048,2048,10,7.5,cuda,fp16,9.354418275999706,0.1069013561822079,4729.22802734375,1,,2.5.0+cu124,0.37.0,local,0.0.28.post3,3.12.7,Linux-6.2.0-37-generic-x86_64-with-glibc2.35,NVIDIA A100-SXM4-40GB,2026-03-24T13:38:49+00:00,samples/hi_xformers_tiling_p0_h2048_w2048_s0_r1.png
ablation_sd15_xformers_patch_20260324,hi+xformers+tiling,P0,0050_hi+xformers+tiling_2048x2048_p0_s0_r2,runwayml/stable-diffusion-v1-5,ddim,0,stone_golem,0,2,1,1,0,1,2048,2048,10,7.5,cuda,fp16,6.506474329999037,0.1536930677478209,4729.22802734375,1,,2.5.0+cu124,0.37.0,local,0.0.28.post3,3.12.7,Linux-6.2.0-37-generic-x86_64-with-glibc2.35,NVIDIA A100-SXM4-40GB,2026-03-24T13:39:15+00:00,samples/hi_xformers_tiling_p0_h2048_w2048_s0_r2.png
ablation_sd15_xformers_patch_20260324,hi+xformers+tiling,P0,0051_hi+xformers+tiling_2048x2048_p0_s1_r0,runwayml/stable-diffusion-v1-5,ddim,0,stone_golem,1,0,1,1,0,1,2048,2048,10,7.5,cuda,fp16,8.252914651999163,0.1211693131659568,4729.22802734375,1,,2.5.0+cu124,0.37.0,local,0.0.28.post3,3.12.7,Linux-6.2.0-37-generic-x86_64-with-glibc2.35,NVIDIA A100-SXM4-40GB,2026-03-24T13:39:37+00:00,samples/hi_xformers_tiling_p0_h2048_w2048_s1_r0.png
ablation_sd15_xformers_patch_20260324,hi+xformers+tiling,P0,0052_hi+xformers+tiling_2048x2048_p0_s1_r1,runwayml/stable-diffusion-v1-5,ddim,0,stone_golem,1,1,1,1,0,1,2048,2048,10,7.5,cuda,fp16,6.500720291998732,0.1538291074038099,4729.22802734375,1,,2.5.0+cu124,0.37.0,local,0.0.28.post3,3.12.7,Linux-6.2.0-37-generic-x86_64-with-glibc2.35,NVIDIA A100-SXM4-40GB,2026-03-24T13:40:04+00:00,samples/hi_xformers_tiling_p0_h2048_w2048_s1_r1.png
ablation_sd15_xformers_patch_20260324,hi+xformers+tiling,P0,0053_hi+xformers+tiling_2048x2048_p0_s1_r2,runwayml/stable-diffusion-v1-5,ddim,0,stone_golem,1,2,1,1,0,1,2048,2048,10,7.5,cuda,fp16,6.5870109839997895,0.1518139262905519,4729.22802734375,1,,2.5.0+cu124,0.37.0,local,0.0.28.post3,3.12.7,Linux-6.2.0-37-generic-x86_64-with-glibc2.35,NVIDIA A100-SXM4-40GB,2026-03-24T13:40:27+00:00,samples/hi_xformers_tiling_p0_h2048_w2048_s1_r2.png
ablation_sd15_xformers_patch_20260324,hi+xformers+offload,P0,0054_hi+xformers+offload_1024x1024_p0_s0_r0,runwayml/stable-diffusion-v1-5,ddim,0,stone_golem,0,0,1,1,1,0,1024,1024,10,7.5,cuda,fp16,3.895007496001199,0.2567389154004576,3190.0615234375,1,,2.5.0+cu124,0.37.0,local,0.0.28.post3,3.12.7,Linux-6.2.0-37-generic-x86_64-with-glibc2.35,NVIDIA A100-SXM4-40GB,2026-03-24T13:40:50+00:00,samples/hi_xformers_offload_p0_h1024_w1024_s0_r0.png
ablation_sd15_xformers_patch_20260324,hi+xformers+offload,P0,0055_hi+xformers+offload_1024x1024_p0_s0_r1,runwayml/stable-diffusion-v1-5,ddim,0,stone_golem,0,1,1,1,1,0,1024,1024,10,7.5,cuda,fp16,4.905869987000187,0.2038374442555242,3190.0615234375,1,,2.5.0+cu124,0.37.0,local,0.0.28.post3,3.12.7,Linux-6.2.0-37-generic-x86_64-with-glibc2.35,NVIDIA A100-SXM4-40GB,2026-03-24T13:41:16+00:00,samples/hi_xformers_offload_p0_h1024_w1024_s0_r1.png
ablation_sd15_xformers_patch_20260324,hi+xformers+offload,P0,0056_hi+xformers+offload_1024x1024_p0_s0_r2,runwayml/stable-diffusion-v1-5,ddim,0,stone_golem,0,2,1,1,1,0,1024,1024,10,7.5,cuda,fp16,6.202283082999202,0.1612309510252853,3190.0615234375,1,,2.5.0+cu124,0.37.0,local,0.0.28.post3,3.12.7,Linux-6.2.0-37-generic-x86_64-with-glibc2.35,NVIDIA A100-SXM4-40GB,2026-03-24T13:41:39+00:00,samples/hi_xformers_offload_p0_h1024_w1024_s0_r2.png
ablation_sd15_xformers_patch_20260324,hi+xformers+offload,P0,0057_hi+xformers+offload_1024x1024_p0_s1_r0,runwayml/stable-diffusion-v1-5,ddim,0,stone_golem,1,0,1,1,1,0,1024,1024,10,7.5,cuda,fp16,6.675149307000538,0.149809383132637,3190.0615234375,1,,2.5.0+cu124,0.37.0,local,0.0.28.post3,3.12.7,Linux-6.2.0-37-generic-x86_64-with-glibc2.35,NVIDIA A100-SXM4-40GB,2026-03-24T13:42:11+00:00,samples/hi_xformers_offload_p0_h1024_w1024_s1_r0.png
ablation_sd15_xformers_patch_20260324,hi+xformers+offload,P0,0058_hi+xformers+offload_1024x1024_p0_s1_r1,runwayml/stable-diffusion-v1-5,ddim,0,stone_golem,1,1,1,1,1,0,1024,1024,10,7.5,cuda,fp16,3.822276919001524,0.2616241630816286,3190.0615234375,1,,2.5.0+cu124,0.37.0,local,0.0.28.post3,3.12.7,Linux-6.2.0-37-generic-x86_64-with-glibc2.35,NVIDIA A100-SXM4-40GB,2026-03-24T13:42:39+00:00,samples/hi_xformers_offload_p0_h1024_w1024_s1_r1.png
ablation_sd15_xformers_patch_20260324,hi+xformers+offload,P0,0059_hi+xformers+offload_1024x1024_p0_s1_r2,runwayml/stable-diffusion-v1-5,ddim,0,stone_golem,1,2,1,1,1,0,1024,1024,10,7.5,cuda,fp16,3.855465904000084,0.2593720253011419,3190.0615234375,1,,2.5.0+cu124,0.37.0,local,0.0.28.post3,3.12.7,Linux-6.2.0-37-generic-x86_64-with-glibc2.35,NVIDIA A100-SXM4-40GB,2026-03-24T13:43:00+00:00,samples/hi_xformers_offload_p0_h1024_w1024_s1_r2.png
ablation_sd15_xformers_patch_20260324,hi+xformers+offload,P0,0060_hi+xformers+offload_1536x1536_p0_s0_r0,runwayml/stable-diffusion-v1-5,ddim,0,stone_golem,0,0,1,1,1,0,1536,1536,10,7.5,cuda,fp16,5.827346045000013,0.171604705174154,6231.3115234375,1,,2.5.0+cu124,0.37.0,local,0.0.28.post3,3.12.7,Linux-6.2.0-37-generic-x86_64-with-glibc2.35,NVIDIA A100-SXM4-40GB,2026-03-24T13:43:26+00:00,samples/hi_xformers_offload_p0_h1536_w1536_s0_r0.png
ablation_sd15_xformers_patch_20260324,hi+xformers+offload,P0,0061_hi+xformers+offload_1536x1536_p0_s0_r1,runwayml/stable-diffusion-v1-5,ddim,0,stone_golem,0,1,1,1,1,0,1536,1536,10,7.5,cuda,fp16,6.872137574999215,0.1455151310762451,6231.3115234375,1,,2.5.0+cu124,0.37.0,local,0.0.28.post3,3.12.7,Linux-6.2.0-37-generic-x86_64-with-glibc2.35,NVIDIA A100-SXM4-40GB,2026-03-24T13:43:52+00:00,samples/hi_xformers_offload_p0_h1536_w1536_s0_r1.png
ablation_sd15_xformers_patch_20260324,hi+xformers+offload,P0,0062_hi+xformers+offload_1536x1536_p0_s0_r2,runwayml/stable-diffusion-v1-5,ddim,0,stone_golem,0,2,1,1,1,0,1536,1536,10,7.5,cuda,fp16,,,,0,timeout_xformers_cpu_offload,2.5.0+cu124,0.37.0,local,0.0.28.post3,3.12.7,Linux-6.2.0-37-generic-x86_64-with-glibc2.35,NVIDIA A100-SXM4-40GB,2026-03-24T14:00:21+00:00,
ablation_sd15_xformers_patch_20260324,hi+xformers+offload,P0,0063_hi+xformers+offload_1536x1536_p0_s1_r0,runwayml/stable-diffusion-v1-5,ddim,0,stone_golem,1,0,1,1,1,0,1536,1536,10,7.5,cuda,fp16,,,,0,timeout_xformers_cpu_offload,2.5.0+cu124,0.37.0,local,0.0.28.post3,3.12.7,Linux-6.2.0-37-generic-x86_64-with-glibc2.35,NVIDIA A100-SXM4-40GB,2026-03-24T14:00:21+00:00,
ablation_sd15_xformers_patch_20260324,hi+xformers+offload,P0,0064_hi+xformers+offload_1536x1536_p0_s1_r1,runwayml/stable-diffusion-v1-5,ddim,0,stone_golem,1,1,1,1,1,0,1536,1536,10,7.5,cuda,fp16,,,,0,timeout_xformers_cpu_offload,2.5.0+cu124,0.37.0,local,0.0.28.post3,3.12.7,Linux-6.2.0-37-generic-x86_64-with-glibc2.35,NVIDIA A100-SXM4-40GB,2026-03-24T14:00:21+00:00,
ablation_sd15_xformers_patch_20260324,hi+xformers+offload,P0,0065_hi+xformers+offload_1536x1536_p0_s1_r2,runwayml/stable-diffusion-v1-5,ddim,0,stone_golem,1,2,1,1,1,0,1536,1536,10,7.5,cuda,fp16,,,,0,timeout_xformers_cpu_offload,2.5.0+cu124,0.37.0,local,0.0.28.post3,3.12.7,Linux-6.2.0-37-generic-x86_64-with-glibc2.35,NVIDIA A100-SXM4-40GB,2026-03-24T14:00:21+00:00,
ablation_sd15_xformers_patch_20260324,hi+xformers+offload,P0,0066_hi+xformers+offload_2048x2048_p0_s0_r0,runwayml/stable-diffusion-v1-5,ddim,0,stone_golem,0,0,1,1,1,0,2048,2048,10,7.5,cuda,fp16,,,,0,timeout_xformers_cpu_offload,2.5.0+cu124,0.37.0,local,0.0.28.post3,3.12.7,Linux-6.2.0-37-generic-x86_64-with-glibc2.35,NVIDIA A100-SXM4-40GB,2026-03-24T14:00:21+00:00,
ablation_sd15_xformers_patch_20260324,hi+xformers+offload,P0,0067_hi+xformers+offload_2048x2048_p0_s0_r1,runwayml/stable-diffusion-v1-5,ddim,0,stone_golem,0,1,1,1,1,0,2048,2048,10,7.5,cuda,fp16,,,,0,timeout_xformers_cpu_offload,2.5.0+cu124,0.37.0,local,0.0.28.post3,3.12.7,Linux-6.2.0-37-generic-x86_64-with-glibc2.35,NVIDIA A100-SXM4-40GB,2026-03-24T14:00:21+00:00,
ablation_sd15_xformers_patch_20260324,hi+xformers+offload,P0,0068_hi+xformers+offload_2048x2048_p0_s0_r2,runwayml/stable-diffusion-v1-5,ddim,0,stone_golem,0,2,1,1,1,0,2048,2048,10,7.5,cuda,fp16,,,,0,timeout_xformers_cpu_offload,2.5.0+cu124,0.37.0,local,0.0.28.post3,3.12.7,Linux-6.2.0-37-generic-x86_64-with-glibc2.35,NVIDIA A100-SXM4-40GB,2026-03-24T14:00:21+00:00,
ablation_sd15_xformers_patch_20260324,hi+xformers+offload,P0,0069_hi+xformers+offload_2048x2048_p0_s1_r0,runwayml/stable-diffusion-v1-5,ddim,0,stone_golem,1,0,1,1,1,0,2048,2048,10,7.5,cuda,fp16,,,,0,timeout_xformers_cpu_offload,2.5.0+cu124,0.37.0,local,0.0.28.post3,3.12.7,Linux-6.2.0-37-generic-x86_64-with-glibc2.35,NVIDIA A100-SXM4-40GB,2026-03-24T14:00:21+00:00,
ablation_sd15_xformers_patch_20260324,hi+xformers+offload,P0,0070_hi+xformers+offload_2048x2048_p0_s1_r1,runwayml/stable-diffusion-v1-5,ddim,0,stone_golem,1,1,1,1,1,0,2048,2048,10,7.5,cuda,fp16,,,,0,timeout_xformers_cpu_offload,2.5.0+cu124,0.37.0,local,0.0.28.post3,3.12.7,Linux-6.2.0-37-generic-x86_64-with-glibc2.35,NVIDIA A100-SXM4-40GB,2026-03-24T14:00:21+00:00,
ablation_sd15_xformers_patch_20260324,hi+xformers+offload,P0,0071_hi+xformers+offload_2048x2048_p0_s1_r2,runwayml/stable-diffusion-v1-5,ddim,0,stone_golem,1,2,1,1,1,0,2048,2048,10,7.5,cuda,fp16,,,,0,timeout_xformers_cpu_offload,2.5.0+cu124,0.37.0,local,0.0.28.post3,3.12.7,Linux-6.2.0-37-generic-x86_64-with-glibc2.35,NVIDIA A100-SXM4-40GB,2026-03-24T14:00:21+00:00,
