run_id,exp_id,priority,job_id,model_id,scheduler,prompt_id,prompt_name,seed,repeat_idx,hidiffusion,xformers,cpu_offload,vae_tiling,height,width,steps,guidance_scale,device,dtype,latency_sec,throughput_img_s,peak_vram_mb,success,failure_reason,torch_version,diffusers_version,hidiffusion_version,xformers_version,python_version,platform,gpu_name,timestamp,sample_path
ablation_sd15_p0_20260324,baseline,P0,0000_baseline_1024x1024_p0_s0_r0,runwayml/stable-diffusion-v1-5,ddim,0,stone_golem,0,0,0,0,0,0,1024,1024,10,7.5,cuda,fp16,2.9614782500002548,0.3376692028718813,5081.2216796875,1,,2.5.0+cu124,0.37.0,local,unavailable,3.12.7,Linux-6.2.0-37-generic-x86_64-with-glibc2.35,NVIDIA A100-SXM4-40GB,2026-03-24T11:56:41+00:00,samples/baseline_p0_h1024_w1024_s0_r0.png
ablation_sd15_p0_20260324,baseline,P0,0001_baseline_1024x1024_p0_s0_r1,runwayml/stable-diffusion-v1-5,ddim,0,stone_golem,0,1,0,0,0,0,1024,1024,10,7.5,cuda,fp16,2.1574550389996148,0.4635090798757445,5081.2216796875,1,,2.5.0+cu124,0.37.0,local,unavailable,3.12.7,Linux-6.2.0-37-generic-x86_64-with-glibc2.35,NVIDIA A100-SXM4-40GB,2026-03-24T11:57:06+00:00,samples/baseline_p0_h1024_w1024_s0_r1.png
ablation_sd15_p0_20260324,baseline,P0,0002_baseline_1024x1024_p0_s0_r2,runwayml/stable-diffusion-v1-5,ddim,0,stone_golem,0,2,0,0,0,0,1024,1024,10,7.5,cuda,fp16,2.1881618530001106,0.4570045852087841,5081.2216796875,1,,2.5.0+cu124,0.37.0,local,unavailable,3.12.7,Linux-6.2.0-37-generic-x86_64-with-glibc2.35,NVIDIA A100-SXM4-40GB,2026-03-24T11:57:23+00:00,samples/baseline_p0_h1024_w1024_s0_r2.png
ablation_sd15_p0_20260324,baseline,P0,0003_baseline_1024x1024_p0_s1_r0,runwayml/stable-diffusion-v1-5,ddim,0,stone_golem,1,0,0,0,0,0,1024,1024,10,7.5,cuda,fp16,1.9039108429997214,0.5252346787544118,5081.2216796875,1,,2.5.0+cu124,0.37.0,local,unavailable,3.12.7,Linux-6.2.0-37-generic-x86_64-with-glibc2.35,NVIDIA A100-SXM4-40GB,2026-03-24T11:57:39+00:00,samples/baseline_p0_h1024_w1024_s1_r0.png
ablation_sd15_p0_20260324,baseline,P0,0004_baseline_1024x1024_p0_s1_r1,runwayml/stable-diffusion-v1-5,ddim,0,stone_golem,1,1,0,0,0,0,1024,1024,10,7.5,cuda,fp16,2.1726472670002295,0.46026799434438265,5081.2216796875,1,,2.5.0+cu124,0.37.0,local,unavailable,3.12.7,Linux-6.2.0-37-generic-x86_64-with-glibc2.35,NVIDIA A100-SXM4-40GB,2026-03-24T11:57:53+00:00,samples/baseline_p0_h1024_w1024_s1_r1.png
ablation_sd15_p0_20260324,baseline,P0,0005_baseline_1024x1024_p0_s1_r2,runwayml/stable-diffusion-v1-5,ddim,0,stone_golem,1,2,0,0,0,0,1024,1024,10,7.5,cuda,fp16,1.8825414080001792,0.531196814981243,5081.2216796875,1,,2.5.0+cu124,0.37.0,local,unavailable,3.12.7,Linux-6.2.0-37-generic-x86_64-with-glibc2.35,NVIDIA A100-SXM4-40GB,2026-03-24T11:58:08+00:00,samples/baseline_p0_h1024_w1024_s1_r2.png
ablation_sd15_p0_20260324,baseline,P0,0006_baseline_1536x1536_p0_s0_r0,runwayml/stable-diffusion-v1-5,ddim,0,stone_golem,0,0,0,0,0,0,1536,1536,10,7.5,cuda,fp16,4.813021805999597,0.2077696799032711,8122.4716796875,1,,2.5.0+cu124,0.37.0,local,unavailable,3.12.7,Linux-6.2.0-37-generic-x86_64-with-glibc2.35,NVIDIA A100-SXM4-40GB,2026-03-24T11:58:26+00:00,samples/baseline_p0_h1536_w1536_s0_r0.png
ablation_sd15_p0_20260324,baseline,P0,0007_baseline_1536x1536_p0_s0_r1,runwayml/stable-diffusion-v1-5,ddim,0,stone_golem,0,1,0,0,0,0,1536,1536,10,7.5,cuda,fp16,4.790449859000091,0.20874866232473824,8122.4716796875,1,,2.5.0+cu124,0.37.0,local,unavailable,3.12.7,Linux-6.2.0-37-generic-x86_64-with-glibc2.35,NVIDIA A100-SXM4-40GB,2026-03-24T11:58:50+00:00,samples/baseline_p0_h1536_w1536_s0_r1.png
ablation_sd15_p0_20260324,baseline,P0,0008_baseline_1536x1536_p0_s0_r2,runwayml/stable-diffusion-v1-5,ddim,0,stone_golem,0,2,0,0,0,0,1536,1536,10,7.5,cuda,fp16,5.005462705999889,0.19978173022872225,8122.4716796875,1,,2.5.0+cu124,0.37.0,local,unavailable,3.12.7,Linux-6.2.0-37-generic-x86_64-with-glibc2.35,NVIDIA A100-SXM4-40GB,2026-03-24T11:59:06+00:00,samples/baseline_p0_h1536_w1536_s0_r2.png
ablation_sd15_p0_20260324,baseline,P0,0009_baseline_1536x1536_p0_s1_r0,runwayml/stable-diffusion-v1-5,ddim,0,stone_golem,1,0,0,0,0,0,1536,1536,10,7.5,cuda,fp16,5.030803825999556,0.1987753914855372,8122.4716796875,1,,2.5.0+cu124,0.37.0,local,unavailable,3.12.7,Linux-6.2.0-37-generic-x86_64-with-glibc2.35,NVIDIA A100-SXM4-40GB,2026-03-24T11:59:25+00:00,samples/baseline_p0_h1536_w1536_s1_r0.png
ablation_sd15_p0_20260324,baseline,P0,0010_baseline_1536x1536_p0_s1_r1,runwayml/stable-diffusion-v1-5,ddim,0,stone_golem,1,1,0,0,0,0,1536,1536,10,7.5,cuda,fp16,4.917872507000084,0.20333996023211323,8122.4716796875,1,,2.5.0+cu124,0.37.0,local,unavailable,3.12.7,Linux-6.2.0-37-generic-x86_64-with-glibc2.35,NVIDIA A100-SXM4-40GB,2026-03-24T11:59:44+00:00,samples/baseline_p0_h1536_w1536_s1_r1.png
ablation_sd15_p0_20260324,baseline,P0,0011_baseline_1536x1536_p0_s1_r2,runwayml/stable-diffusion-v1-5,ddim,0,stone_golem,1,2,0,0,0,0,1536,1536,10,7.5,cuda,fp16,4.760029467000095,0.2100827330865723,8122.4716796875,1,,2.5.0+cu124,0.37.0,local,unavailable,3.12.7,Linux-6.2.0-37-generic-x86_64-with-glibc2.35,NVIDIA A100-SXM4-40GB,2026-03-24T12:00:09+00:00,samples/baseline_p0_h1536_w1536_s1_r2.png
ablation_sd15_p0_20260324,baseline,P0,0012_baseline_2048x2048_p0_s0_r0,runwayml/stable-diffusion-v1-5,ddim,0,stone_golem,0,0,0,0,0,0,2048,2048,10,7.5,cuda,fp16,11.168304299000283,0.08953910756976005,12380.2216796875,1,,2.5.0+cu124,0.37.0,local,unavailable,3.12.7,Linux-6.2.0-37-generic-x86_64-with-glibc2.35,NVIDIA A100-SXM4-40GB,2026-03-24T12:00:27+00:00,samples/baseline_p0_h2048_w2048_s0_r0.png
ablation_sd15_p0_20260324,baseline,P0,0013_baseline_2048x2048_p0_s0_r1,runwayml/stable-diffusion-v1-5,ddim,0,stone_golem,0,1,0,0,0,0,2048,2048,10,7.5,cuda,fp16,11.267205534000368,0.08875315152300721,12380.2216796875,1,,2.5.0+cu124,0.37.0,local,unavailable,3.12.7,Linux-6.2.0-37-generic-x86_64-with-glibc2.35,NVIDIA A100-SXM4-40GB,2026-03-24T12:00:49+00:00,samples/baseline_p0_h2048_w2048_s0_r1.png
ablation_sd15_p0_20260324,baseline,P0,0014_baseline_2048x2048_p0_s0_r2,runwayml/stable-diffusion-v1-5,ddim,0,stone_golem,0,2,0,0,0,0,2048,2048,10,7.5,cuda,fp16,11.187297278000187,0.08938709459044226,12380.2216796875,1,,2.5.0+cu124,0.37.0,local,unavailable,3.12.7,Linux-6.2.0-37-generic-x86_64-with-glibc2.35,NVIDIA A100-SXM4-40GB,2026-03-24T12:01:13+00:00,samples/baseline_p0_h2048_w2048_s0_r2.png
ablation_sd15_p0_20260324,baseline,P0,0015_baseline_2048x2048_p0_s1_r0,runwayml/stable-diffusion-v1-5,ddim,0,stone_golem,1,0,0,0,0,0,2048,2048,10,7.5,cuda,fp16,11.255279286000132,0.0888471955772656,12380.2216796875,1,,2.5.0+cu124,0.37.0,local,unavailable,3.12.7,Linux-6.2.0-37-generic-x86_64-with-glibc2.35,NVIDIA A100-SXM4-40GB,2026-03-24T12:01:39+00:00,samples/baseline_p0_h2048_w2048_s1_r0.png
ablation_sd15_p0_20260324,baseline,P0,0016_baseline_2048x2048_p0_s1_r1,runwayml/stable-diffusion-v1-5,ddim,0,stone_golem,1,1,0,0,0,0,2048,2048,10,7.5,cuda,fp16,11.267464804000156,0.08875110926860688,12380.2216796875,1,,2.5.0+cu124,0.37.0,local,unavailable,3.12.7,Linux-6.2.0-37-generic-x86_64-with-glibc2.35,NVIDIA A100-SXM4-40GB,2026-03-24T12:02:12+00:00,samples/baseline_p0_h2048_w2048_s1_r1.png
ablation_sd15_p0_20260324,baseline,P0,0017_baseline_2048x2048_p0_s1_r2,runwayml/stable-diffusion-v1-5,ddim,0,stone_golem,1,2,0,0,0,0,2048,2048,10,7.5,cuda,fp16,11.083170095000241,0.09022689279587189,12380.2216796875,1,,2.5.0+cu124,0.37.0,local,unavailable,3.12.7,Linux-6.2.0-37-generic-x86_64-with-glibc2.35,NVIDIA A100-SXM4-40GB,2026-03-24T12:02:37+00:00,samples/baseline_p0_h2048_w2048_s1_r2.png
ablation_sd15_p0_20260324,base+xformers,P0,0018_base+xformers_1024x1024_p0_s0_r0,runwayml/stable-diffusion-v1-5,ddim,0,stone_golem,0,0,0,1,0,0,1024,1024,10,7.5,cuda,fp16,nan,nan,nan,0,xformers_unavailable,2.5.0+cu124,0.37.0,local,unavailable,3.12.7,Linux-6.2.0-37-generic-x86_64-with-glibc2.35,NVIDIA A100-SXM4-40GB,2026-03-24T12:03:01+00:00,
ablation_sd15_p0_20260324,base+xformers,P0,0019_base+xformers_1024x1024_p0_s0_r1,runwayml/stable-diffusion-v1-5,ddim,0,stone_golem,0,1,0,1,0,0,1024,1024,10,7.5,cuda,fp16,nan,nan,nan,0,xformers_unavailable,2.5.0+cu124,0.37.0,local,unavailable,3.12.7,Linux-6.2.0-37-generic-x86_64-with-glibc2.35,NVIDIA A100-SXM4-40GB,2026-03-24T12:03:18+00:00,
ablation_sd15_p0_20260324,base+xformers,P0,0020_base+xformers_1024x1024_p0_s0_r2,runwayml/stable-diffusion-v1-5,ddim,0,stone_golem,0,2,0,1,0,0,1024,1024,10,7.5,cuda,fp16,nan,nan,nan,0,xformers_unavailable,2.5.0+cu124,0.37.0,local,unavailable,3.12.7,Linux-6.2.0-37-generic-x86_64-with-glibc2.35,NVIDIA A100-SXM4-40GB,2026-03-24T12:03:29+00:00,
ablation_sd15_p0_20260324,base+xformers,P0,0021_base+xformers_1024x1024_p0_s1_r0,runwayml/stable-diffusion-v1-5,ddim,0,stone_golem,1,0,0,1,0,0,1024,1024,10,7.5,cuda,fp16,nan,nan,nan,0,xformers_unavailable,2.5.0+cu124,0.37.0,local,unavailable,3.12.7,Linux-6.2.0-37-generic-x86_64-with-glibc2.35,NVIDIA A100-SXM4-40GB,2026-03-24T12:03:46+00:00,
ablation_sd15_p0_20260324,base+xformers,P0,0022_base+xformers_1024x1024_p0_s1_r1,runwayml/stable-diffusion-v1-5,ddim,0,stone_golem,1,1,0,1,0,0,1024,1024,10,7.5,cuda,fp16,nan,nan,nan,0,xformers_unavailable,2.5.0+cu124,0.37.0,local,unavailable,3.12.7,Linux-6.2.0-37-generic-x86_64-with-glibc2.35,NVIDIA A100-SXM4-40GB,2026-03-24T12:03:58+00:00,
ablation_sd15_p0_20260324,base+xformers,P0,0023_base+xformers_1024x1024_p0_s1_r2,runwayml/stable-diffusion-v1-5,ddim,0,stone_golem,1,2,0,1,0,0,1024,1024,10,7.5,cuda,fp16,nan,nan,nan,0,xformers_unavailable,2.5.0+cu124,0.37.0,local,unavailable,3.12.7,Linux-6.2.0-37-generic-x86_64-with-glibc2.35,NVIDIA A100-SXM4-40GB,2026-03-24T12:04:11+00:00,
ablation_sd15_p0_20260324,base+xformers,P0,0024_base+xformers_1536x1536_p0_s0_r0,runwayml/stable-diffusion-v1-5,ddim,0,stone_golem,0,0,0,1,0,0,1536,1536,10,7.5,cuda,fp16,nan,nan,nan,0,xformers_unavailable,2.5.0+cu124,0.37.0,local,unavailable,3.12.7,Linux-6.2.0-37-generic-x86_64-with-glibc2.35,NVIDIA A100-SXM4-40GB,2026-03-24T12:04:20+00:00,
ablation_sd15_p0_20260324,base+xformers,P0,0025_base+xformers_1536x1536_p0_s0_r1,runwayml/stable-diffusion-v1-5,ddim,0,stone_golem,0,1,0,1,0,0,1536,1536,10,7.5,cuda,fp16,nan,nan,nan,0,xformers_unavailable,2.5.0+cu124,0.37.0,local,unavailable,3.12.7,Linux-6.2.0-37-generic-x86_64-with-glibc2.35,NVIDIA A100-SXM4-40GB,2026-03-24T12:04:33+00:00,
ablation_sd15_p0_20260324,base+xformers,P0,0026_base+xformers_1536x1536_p0_s0_r2,runwayml/stable-diffusion-v1-5,ddim,0,stone_golem,0,2,0,1,0,0,1536,1536,10,7.5,cuda,fp16,nan,nan,nan,0,xformers_unavailable,2.5.0+cu124,0.37.0,local,unavailable,3.12.7,Linux-6.2.0-37-generic-x86_64-with-glibc2.35,NVIDIA A100-SXM4-40GB,2026-03-24T12:04:44+00:00,
ablation_sd15_p0_20260324,base+xformers,P0,0027_base+xformers_1536x1536_p0_s1_r0,runwayml/stable-diffusion-v1-5,ddim,0,stone_golem,1,0,0,1,0,0,1536,1536,10,7.5,cuda,fp16,nan,nan,nan,0,xformers_unavailable,2.5.0+cu124,0.37.0,local,unavailable,3.12.7,Linux-6.2.0-37-generic-x86_64-with-glibc2.35,NVIDIA A100-SXM4-40GB,2026-03-24T12:04:57+00:00,
ablation_sd15_p0_20260324,base+xformers,P0,0028_base+xformers_1536x1536_p0_s1_r1,runwayml/stable-diffusion-v1-5,ddim,0,stone_golem,1,1,0,1,0,0,1536,1536,10,7.5,cuda,fp16,nan,nan,nan,0,xformers_unavailable,2.5.0+cu124,0.37.0,local,unavailable,3.12.7,Linux-6.2.0-37-generic-x86_64-with-glibc2.35,NVIDIA A100-SXM4-40GB,2026-03-24T12:05:10+00:00,
ablation_sd15_p0_20260324,base+xformers,P0,0029_base+xformers_1536x1536_p0_s1_r2,runwayml/stable-diffusion-v1-5,ddim,0,stone_golem,1,2,0,1,0,0,1536,1536,10,7.5,cuda,fp16,nan,nan,nan,0,xformers_unavailable,2.5.0+cu124,0.37.0,local,unavailable,3.12.7,Linux-6.2.0-37-generic-x86_64-with-glibc2.35,NVIDIA A100-SXM4-40GB,2026-03-24T12:05:23+00:00,
ablation_sd15_p0_20260324,base+xformers,P0,0030_base+xformers_2048x2048_p0_s0_r0,runwayml/stable-diffusion-v1-5,ddim,0,stone_golem,0,0,0,1,0,0,2048,2048,10,7.5,cuda,fp16,nan,nan,nan,0,xformers_unavailable,2.5.0+cu124,0.37.0,local,unavailable,3.12.7,Linux-6.2.0-37-generic-x86_64-with-glibc2.35,NVIDIA A100-SXM4-40GB,2026-03-24T12:05:31+00:00,
ablation_sd15_p0_20260324,base+xformers,P0,0031_base+xformers_2048x2048_p0_s0_r1,runwayml/stable-diffusion-v1-5,ddim,0,stone_golem,0,1,0,1,0,0,2048,2048,10,7.5,cuda,fp16,nan,nan,nan,0,xformers_unavailable,2.5.0+cu124,0.37.0,local,unavailable,3.12.7,Linux-6.2.0-37-generic-x86_64-with-glibc2.35,NVIDIA A100-SXM4-40GB,2026-03-24T12:05:40+00:00,
ablation_sd15_p0_20260324,base+xformers,P0,0032_base+xformers_2048x2048_p0_s0_r2,runwayml/stable-diffusion-v1-5,ddim,0,stone_golem,0,2,0,1,0,0,2048,2048,10,7.5,cuda,fp16,nan,nan,nan,0,xformers_unavailable,2.5.0+cu124,0.37.0,local,unavailable,3.12.7,Linux-6.2.0-37-generic-x86_64-with-glibc2.35,NVIDIA A100-SXM4-40GB,2026-03-24T12:05:51+00:00,
ablation_sd15_p0_20260324,base+xformers,P0,0033_base+xformers_2048x2048_p0_s1_r0,runwayml/stable-diffusion-v1-5,ddim,0,stone_golem,1,0,0,1,0,0,2048,2048,10,7.5,cuda,fp16,nan,nan,nan,0,xformers_unavailable,2.5.0+cu124,0.37.0,local,unavailable,3.12.7,Linux-6.2.0-37-generic-x86_64-with-glibc2.35,NVIDIA A100-SXM4-40GB,2026-03-24T12:06:02+00:00,
ablation_sd15_p0_20260324,base+xformers,P0,0034_base+xformers_2048x2048_p0_s1_r1,runwayml/stable-diffusion-v1-5,ddim,0,stone_golem,1,1,0,1,0,0,2048,2048,10,7.5,cuda,fp16,nan,nan,nan,0,xformers_unavailable,2.5.0+cu124,0.37.0,local,unavailable,3.12.7,Linux-6.2.0-37-generic-x86_64-with-glibc2.35,NVIDIA A100-SXM4-40GB,2026-03-24T12:06:16+00:00,
ablation_sd15_p0_20260324,base+xformers,P0,0035_base+xformers_2048x2048_p0_s1_r2,runwayml/stable-diffusion-v1-5,ddim,0,stone_golem,1,2,0,1,0,0,2048,2048,10,7.5,cuda,fp16,nan,nan,nan,0,xformers_unavailable,2.5.0+cu124,0.37.0,local,unavailable,3.12.7,Linux-6.2.0-37-generic-x86_64-with-glibc2.35,NVIDIA A100-SXM4-40GB,2026-03-24T12:06:29+00:00,
ablation_sd15_p0_20260324,base+offload,P0,0036_base+offload_1024x1024_p0_s0_r0,runwayml/stable-diffusion-v1-5,ddim,0,stone_golem,0,0,0,0,1,0,1024,1024,10,7.5,cuda,fp16,4.839914445999966,0.20661522247081618,3190.0615234375,1,,2.5.0+cu124,0.37.0,local,unavailable,3.12.7,Linux-6.2.0-37-generic-x86_64-with-glibc2.35,NVIDIA A100-SXM4-40GB,2026-03-24T12:06:38+00:00,samples/base_offload_p0_h1024_w1024_s0_r0.png
ablation_sd15_p0_20260324,base+offload,P0,0037_base+offload_1024x1024_p0_s0_r1,runwayml/stable-diffusion-v1-5,ddim,0,stone_golem,0,1,0,0,1,0,1024,1024,10,7.5,cuda,fp16,3.943830982000236,0.2535605619419367,3190.0615234375,1,,2.5.0+cu124,0.37.0,local,unavailable,3.12.7,Linux-6.2.0-37-generic-x86_64-with-glibc2.35,NVIDIA A100-SXM4-40GB,2026-03-24T12:07:03+00:00,samples/base_offload_p0_h1024_w1024_s0_r1.png
ablation_sd15_p0_20260324,base+offload,P0,0038_base+offload_1024x1024_p0_s0_r2,runwayml/stable-diffusion-v1-5,ddim,0,stone_golem,0,2,0,0,1,0,1024,1024,10,7.5,cuda,fp16,3.9054874170001312,0.2560499863978864,3190.0615234375,1,,2.5.0+cu124,0.37.0,local,unavailable,3.12.7,Linux-6.2.0-37-generic-x86_64-with-glibc2.35,NVIDIA A100-SXM4-40GB,2026-03-24T12:07:19+00:00,samples/base_offload_p0_h1024_w1024_s0_r2.png
ablation_sd15_p0_20260324,base+offload,P0,0039_base+offload_1024x1024_p0_s1_r0,runwayml/stable-diffusion-v1-5,ddim,0,stone_golem,1,0,0,0,1,0,1024,1024,10,7.5,cuda,fp16,4.0864882019996,0.24470889197983736,3190.0615234375,1,,2.5.0+cu124,0.37.0,local,unavailable,3.12.7,Linux-6.2.0-37-generic-x86_64-with-glibc2.35,NVIDIA A100-SXM4-40GB,2026-03-24T12:07:45+00:00,samples/base_offload_p0_h1024_w1024_s1_r0.png
ablation_sd15_p0_20260324,base+offload,P0,0040_base+offload_1024x1024_p0_s1_r1,runwayml/stable-diffusion-v1-5,ddim,0,stone_golem,1,1,0,0,1,0,1024,1024,10,7.5,cuda,fp16,3.7516682629998286,0.26654808738350483,3190.0615234375,1,,2.5.0+cu124,0.37.0,local,unavailable,3.12.7,Linux-6.2.0-37-generic-x86_64-with-glibc2.35,NVIDIA A100-SXM4-40GB,2026-03-24T12:08:19+00:00,samples/base_offload_p0_h1024_w1024_s1_r1.png
ablation_sd15_p0_20260324,base+offload,P0,0041_base+offload_1024x1024_p0_s1_r2,runwayml/stable-diffusion-v1-5,ddim,0,stone_golem,1,2,0,0,1,0,1024,1024,10,7.5,cuda,fp16,4.411039351999989,0.22670393986546383,3190.0615234375,1,,2.5.0+cu124,0.37.0,local,unavailable,3.12.7,Linux-6.2.0-37-generic-x86_64-with-glibc2.35,NVIDIA A100-SXM4-40GB,2026-03-24T12:08:38+00:00,samples/base_offload_p0_h1024_w1024_s1_r2.png
ablation_sd15_p0_20260324,base+offload,P0,0042_base+offload_1536x1536_p0_s0_r0,runwayml/stable-diffusion-v1-5,ddim,0,stone_golem,0,0,0,0,1,0,1536,1536,10,7.5,cuda,fp16,6.633859729000051,0.15074180655772385,6231.3115234375,1,,2.5.0+cu124,0.37.0,local,unavailable,3.12.7,Linux-6.2.0-37-generic-x86_64-with-glibc2.35,NVIDIA A100-SXM4-40GB,2026-03-24T12:08:59+00:00,samples/base_offload_p0_h1536_w1536_s0_r0.png
ablation_sd15_p0_20260324,base+offload,P0,0043_base+offload_1536x1536_p0_s0_r1,runwayml/stable-diffusion-v1-5,ddim,0,stone_golem,0,1,0,0,1,0,1536,1536,10,7.5,cuda,fp16,6.826033562999783,0.146497961190882,6231.3115234375,1,,2.5.0+cu124,0.37.0,local,unavailable,3.12.7,Linux-6.2.0-37-generic-x86_64-with-glibc2.35,NVIDIA A100-SXM4-40GB,2026-03-24T12:09:19+00:00,samples/base_offload_p0_h1536_w1536_s0_r1.png
ablation_sd15_p0_20260324,base+offload,P0,0044_base+offload_1536x1536_p0_s0_r2,runwayml/stable-diffusion-v1-5,ddim,0,stone_golem,0,2,0,0,1,0,1536,1536,10,7.5,cuda,fp16,6.8592955259996415,0.14578756611514632,6231.3115234375,1,,2.5.0+cu124,0.37.0,local,unavailable,3.12.7,Linux-6.2.0-37-generic-x86_64-with-glibc2.35,NVIDIA A100-SXM4-40GB,2026-03-24T12:09:44+00:00,samples/base_offload_p0_h1536_w1536_s0_r2.png
ablation_sd15_p0_20260324,base+offload,P0,0045_base+offload_1536x1536_p0_s1_r0,runwayml/stable-diffusion-v1-5,ddim,0,stone_golem,1,0,0,0,1,0,1536,1536,10,7.5,cuda,fp16,7.588308014000177,0.13178168284089592,6231.3115234375,1,,2.5.0+cu124,0.37.0,local,unavailable,3.12.7,Linux-6.2.0-37-generic-x86_64-with-glibc2.35,NVIDIA A100-SXM4-40GB,2026-03-24T12:10:08+00:00,samples/base_offload_p0_h1536_w1536_s1_r0.png
ablation_sd15_p0_20260324,base+offload,P0,0046_base+offload_1536x1536_p0_s1_r1,runwayml/stable-diffusion-v1-5,ddim,0,stone_golem,1,1,0,0,1,0,1536,1536,10,7.5,cuda,fp16,7.280693709999923,0.1373495493467216,6231.3115234375,1,,2.5.0+cu124,0.37.0,local,unavailable,3.12.7,Linux-6.2.0-37-generic-x86_64-with-glibc2.35,NVIDIA A100-SXM4-40GB,2026-03-24T12:10:31+00:00,samples/base_offload_p0_h1536_w1536_s1_r1.png
ablation_sd15_p0_20260324,base+offload,P0,0047_base+offload_1536x1536_p0_s1_r2,runwayml/stable-diffusion-v1-5,ddim,0,stone_golem,1,2,0,0,1,0,1536,1536,10,7.5,cuda,fp16,7.044408962000034,0.14195655098878332,6231.3115234375,1,,2.5.0+cu124,0.37.0,local,unavailable,3.12.7,Linux-6.2.0-37-generic-x86_64-with-glibc2.35,NVIDIA A100-SXM4-40GB,2026-03-24T12:10:53+00:00,samples/base_offload_p0_h1536_w1536_s1_r2.png
ablation_sd15_p0_20260324,base+offload,P0,0048_base+offload_2048x2048_p0_s0_r0,runwayml/stable-diffusion-v1-5,ddim,0,stone_golem,0,0,0,0,1,0,2048,2048,10,7.5,cuda,fp16,15.569928065000113,0.06422637251921001,10489.0615234375,1,,2.5.0+cu124,0.37.0,local,unavailable,3.12.7,Linux-6.2.0-37-generic-x86_64-with-glibc2.35,NVIDIA A100-SXM4-40GB,2026-03-24T12:11:12+00:00,samples/base_offload_p0_h2048_w2048_s0_r0.png
ablation_sd15_p0_20260324,base+offload,P0,0049_base+offload_2048x2048_p0_s0_r1,runwayml/stable-diffusion-v1-5,ddim,0,stone_golem,0,1,0,0,1,0,2048,2048,10,7.5,cuda,fp16,13.124482096000065,0.07619348273596022,10489.0615234375,1,,2.5.0+cu124,0.37.0,local,unavailable,3.12.7,Linux-6.2.0-37-generic-x86_64-with-glibc2.35,NVIDIA A100-SXM4-40GB,2026-03-24T12:11:46+00:00,samples/base_offload_p0_h2048_w2048_s0_r1.png
ablation_sd15_p0_20260324,base+offload,P0,0050_base+offload_2048x2048_p0_s0_r2,runwayml/stable-diffusion-v1-5,ddim,0,stone_golem,0,2,0,0,1,0,2048,2048,10,7.5,cuda,fp16,13.186946953000188,0.07583256409266802,10489.0615234375,1,,2.5.0+cu124,0.37.0,local,unavailable,3.12.7,Linux-6.2.0-37-generic-x86_64-with-glibc2.35,NVIDIA A100-SXM4-40GB,2026-03-24T12:12:19+00:00,samples/base_offload_p0_h2048_w2048_s0_r2.png
ablation_sd15_p0_20260324,base+offload,P0,0051_base+offload_2048x2048_p0_s1_r0,runwayml/stable-diffusion-v1-5,ddim,0,stone_golem,1,0,0,0,1,0,2048,2048,10,7.5,cuda,fp16,15.471609496999918,0.06463451654424893,10489.0615234375,1,,2.5.0+cu124,0.37.0,local,unavailable,3.12.7,Linux-6.2.0-37-generic-x86_64-with-glibc2.35,NVIDIA A100-SXM4-40GB,2026-03-24T12:12:48+00:00,samples/base_offload_p0_h2048_w2048_s1_r0.png
ablation_sd15_p0_20260324,base+offload,P0,0052_base+offload_2048x2048_p0_s1_r1,runwayml/stable-diffusion-v1-5,ddim,0,stone_golem,1,1,0,0,1,0,2048,2048,10,7.5,cuda,fp16,13.3274816990006,0.0750329298951495,10489.0615234375,1,,2.5.0+cu124,0.37.0,local,unavailable,3.12.7,Linux-6.2.0-37-generic-x86_64-with-glibc2.35,NVIDIA A100-SXM4-40GB,2026-03-24T12:13:23+00:00,samples/base_offload_p0_h2048_w2048_s1_r1.png
ablation_sd15_p0_20260324,base+offload,P0,0053_base+offload_2048x2048_p0_s1_r2,runwayml/stable-diffusion-v1-5,ddim,0,stone_golem,1,2,0,0,1,0,2048,2048,10,7.5,cuda,fp16,13.764283987999988,0.07265179945951583,10489.0615234375,1,,2.5.0+cu124,0.37.0,local,unavailable,3.12.7,Linux-6.2.0-37-generic-x86_64-with-glibc2.35,NVIDIA A100-SXM4-40GB,2026-03-24T12:13:52+00:00,samples/base_offload_p0_h2048_w2048_s1_r2.png
ablation_sd15_p0_20260324,base+tiling,P0,0054_base+tiling_1024x1024_p0_s0_r0,runwayml/stable-diffusion-v1-5,ddim,0,stone_golem,0,0,0,0,0,1,1024,1024,10,7.5,cuda,fp16,2.38434296000014,0.41940275236241237,3262.3779296875,1,,2.5.0+cu124,0.37.0,local,unavailable,3.12.7,Linux-6.2.0-37-generic-x86_64-with-glibc2.35,NVIDIA A100-SXM4-40GB,2026-03-24T12:14:25+00:00,samples/base_tiling_p0_h1024_w1024_s0_r0.png
ablation_sd15_p0_20260324,base+tiling,P0,0055_base+tiling_1024x1024_p0_s0_r1,runwayml/stable-diffusion-v1-5,ddim,0,stone_golem,0,1,0,0,0,1,1024,1024,10,7.5,cuda,fp16,2.3894795950000116,0.4185011674058657,3262.3779296875,1,,2.5.0+cu124,0.37.0,local,unavailable,3.12.7,Linux-6.2.0-37-generic-x86_64-with-glibc2.35,NVIDIA A100-SXM4-40GB,2026-03-24T12:14:38+00:00,samples/base_tiling_p0_h1024_w1024_s0_r1.png
ablation_sd15_p0_20260324,base+tiling,P0,0056_base+tiling_1024x1024_p0_s0_r2,runwayml/stable-diffusion-v1-5,ddim,0,stone_golem,0,2,0,0,0,1,1024,1024,10,7.5,cuda,fp16,2.122378404000301,0.4711695134643191,3262.3779296875,1,,2.5.0+cu124,0.37.0,local,unavailable,3.12.7,Linux-6.2.0-37-generic-x86_64-with-glibc2.35,NVIDIA A100-SXM4-40GB,2026-03-24T12:15:03+00:00,samples/base_tiling_p0_h1024_w1024_s0_r2.png
ablation_sd15_p0_20260324,base+tiling,P0,0057_base+tiling_1024x1024_p0_s1_r0,runwayml/stable-diffusion-v1-5,ddim,0,stone_golem,1,0,0,0,0,1,1024,1024,10,7.5,cuda,fp16,2.300861862999227,0.4346197466615735,3262.3779296875,1,,2.5.0+cu124,0.37.0,local,unavailable,3.12.7,Linux-6.2.0-37-generic-x86_64-with-glibc2.35,NVIDIA A100-SXM4-40GB,2026-03-24T12:15:21+00:00,samples/base_tiling_p0_h1024_w1024_s1_r0.png
ablation_sd15_p0_20260324,base+tiling,P0,0058_base+tiling_1024x1024_p0_s1_r1,runwayml/stable-diffusion-v1-5,ddim,0,stone_golem,1,1,0,0,0,1,1024,1024,10,7.5,cuda,fp16,2.143372620000264,0.46655443419813625,3262.3779296875,1,,2.5.0+cu124,0.37.0,local,unavailable,3.12.7,Linux-6.2.0-37-generic-x86_64-with-glibc2.35,NVIDIA A100-SXM4-40GB,2026-03-24T12:15:34+00:00,samples/base_tiling_p0_h1024_w1024_s1_r1.png
ablation_sd15_p0_20260324,base+tiling,P0,0059_base+tiling_1024x1024_p0_s1_r2,runwayml/stable-diffusion-v1-5,ddim,0,stone_golem,1,2,0,0,0,1,1024,1024,10,7.5,cuda,fp16,2.430922849000126,0.4113664077867854,3262.3779296875,1,,2.5.0+cu124,0.37.0,local,unavailable,3.12.7,Linux-6.2.0-37-generic-x86_64-with-glibc2.35,NVIDIA A100-SXM4-40GB,2026-03-24T12:15:54+00:00,samples/base_tiling_p0_h1024_w1024_s1_r2.png
ablation_sd15_p0_20260324,base+tiling,P0,0060_base+tiling_1536x1536_p0_s0_r0,runwayml/stable-diffusion-v1-5,ddim,0,stone_golem,0,0,0,0,0,1,1536,1536,10,7.5,cuda,fp16,4.991864240999348,0.2003259607476434,3822.91552734375,1,,2.5.0+cu124,0.37.0,local,unavailable,3.12.7,Linux-6.2.0-37-generic-x86_64-with-glibc2.35,NVIDIA A100-SXM4-40GB,2026-03-24T12:16:08+00:00,samples/base_tiling_p0_h1536_w1536_s0_r0.png
ablation_sd15_p0_20260324,base+tiling,P0,0061_base+tiling_1536x1536_p0_s0_r1,runwayml/stable-diffusion-v1-5,ddim,0,stone_golem,0,1,0,0,0,1,1536,1536,10,7.5,cuda,fp16,5.203348402999836,0.19218394052250656,3822.91552734375,1,,2.5.0+cu124,0.37.0,local,unavailable,3.12.7,Linux-6.2.0-37-generic-x86_64-with-glibc2.35,NVIDIA A100-SXM4-40GB,2026-03-24T12:16:24+00:00,samples/base_tiling_p0_h1536_w1536_s0_r1.png
ablation_sd15_p0_20260324,base+tiling,P0,0062_base+tiling_1536x1536_p0_s0_r2,runwayml/stable-diffusion-v1-5,ddim,0,stone_golem,0,2,0,0,0,1,1536,1536,10,7.5,cuda,fp16,5.19738513899938,0.19240444439961665,3822.91552734375,1,,2.5.0+cu124,0.37.0,local,unavailable,3.12.7,Linux-6.2.0-37-generic-x86_64-with-glibc2.35,NVIDIA A100-SXM4-40GB,2026-03-24T12:16:46+00:00,samples/base_tiling_p0_h1536_w1536_s0_r2.png
ablation_sd15_p0_20260324,base+tiling,P0,0063_base+tiling_1536x1536_p0_s1_r0,runwayml/stable-diffusion-v1-5,ddim,0,stone_golem,1,0,0,0,0,1,1536,1536,10,7.5,cuda,fp16,5.6387345720004305,0.1773447547904767,3822.91552734375,1,,2.5.0+cu124,0.37.0,local,unavailable,3.12.7,Linux-6.2.0-37-generic-x86_64-with-glibc2.35,NVIDIA A100-SXM4-40GB,2026-03-24T12:17:04+00:00,samples/base_tiling_p0_h1536_w1536_s1_r0.png
ablation_sd15_p0_20260324,base+tiling,P0,0064_base+tiling_1536x1536_p0_s1_r1,runwayml/stable-diffusion-v1-5,ddim,0,stone_golem,1,1,0,0,0,1,1536,1536,10,7.5,cuda,fp16,5.404871777000153,0.1850182652353367,3822.91552734375,1,,2.5.0+cu124,0.37.0,local,unavailable,3.12.7,Linux-6.2.0-37-generic-x86_64-with-glibc2.35,NVIDIA A100-SXM4-40GB,2026-03-24T12:17:25+00:00,samples/base_tiling_p0_h1536_w1536_s1_r1.png
ablation_sd15_p0_20260324,base+tiling,P0,0065_base+tiling_1536x1536_p0_s1_r2,runwayml/stable-diffusion-v1-5,ddim,0,stone_golem,1,2,0,0,0,1,1536,1536,10,7.5,cuda,fp16,5.238801688000422,0.19088334690937428,3822.91552734375,1,,2.5.0+cu124,0.37.0,local,unavailable,3.12.7,Linux-6.2.0-37-generic-x86_64-with-glibc2.35,NVIDIA A100-SXM4-40GB,2026-03-24T12:17:52+00:00,samples/base_tiling_p0_h1536_w1536_s1_r2.png
ablation_sd15_p0_20260324,base+tiling,P0,0066_base+tiling_2048x2048_p0_s0_r0,runwayml/stable-diffusion-v1-5,ddim,0,stone_golem,0,0,0,0,0,1,2048,2048,10,7.5,cuda,fp16,12.464658453000084,0.0802268272147732,4729.22802734375,1,,2.5.0+cu124,0.37.0,local,unavailable,3.12.7,Linux-6.2.0-37-generic-x86_64-with-glibc2.35,NVIDIA A100-SXM4-40GB,2026-03-24T12:18:10+00:00,samples/base_tiling_p0_h2048_w2048_s0_r0.png
ablation_sd15_p0_20260324,base+tiling,P0,0067_base+tiling_2048x2048_p0_s0_r1,runwayml/stable-diffusion-v1-5,ddim,0,stone_golem,0,1,0,0,0,1,2048,2048,10,7.5,cuda,fp16,12.40900425700056,0.08058664331876977,4729.22802734375,1,,2.5.0+cu124,0.37.0,local,unavailable,3.12.7,Linux-6.2.0-37-generic-x86_64-with-glibc2.35,NVIDIA A100-SXM4-40GB,2026-03-24T12:18:41+00:00,samples/base_tiling_p0_h2048_w2048_s0_r1.png
ablation_sd15_p0_20260324,base+tiling,P0,0068_base+tiling_2048x2048_p0_s0_r2,runwayml/stable-diffusion-v1-5,ddim,0,stone_golem,0,2,0,0,0,1,2048,2048,10,7.5,cuda,fp16,12.202508781999313,0.08195036101716745,4729.22802734375,1,,2.5.0+cu124,0.37.0,local,unavailable,3.12.7,Linux-6.2.0-37-generic-x86_64-with-glibc2.35,NVIDIA A100-SXM4-40GB,2026-03-24T12:19:08+00:00,samples/base_tiling_p0_h2048_w2048_s0_r2.png
ablation_sd15_p0_20260324,base+tiling,P0,0069_base+tiling_2048x2048_p0_s1_r0,runwayml/stable-diffusion-v1-5,ddim,0,stone_golem,1,0,0,0,0,1,2048,2048,10,7.5,cuda,fp16,12.273399840999446,0.08147701638950013,4729.22802734375,1,,2.5.0+cu124,0.37.0,local,unavailable,3.12.7,Linux-6.2.0-37-generic-x86_64-with-glibc2.35,NVIDIA A100-SXM4-40GB,2026-03-24T12:19:33+00:00,samples/base_tiling_p0_h2048_w2048_s1_r0.png
ablation_sd15_p0_20260324,base+tiling,P0,0070_base+tiling_2048x2048_p0_s1_r1,runwayml/stable-diffusion-v1-5,ddim,0,stone_golem,1,1,0,0,0,1,2048,2048,10,7.5,cuda,fp16,12.529773754000416,0.0798099007718098,4729.22802734375,1,,2.5.0+cu124,0.37.0,local,unavailable,3.12.7,Linux-6.2.0-37-generic-x86_64-with-glibc2.35,NVIDIA A100-SXM4-40GB,2026-03-24T12:20:00+00:00,samples/base_tiling_p0_h2048_w2048_s1_r1.png
ablation_sd15_p0_20260324,base+tiling,P0,0071_base+tiling_2048x2048_p0_s1_r2,runwayml/stable-diffusion-v1-5,ddim,0,stone_golem,1,2,0,0,0,1,2048,2048,10,7.5,cuda,fp16,11.933259112000087,0.08379940388576662,4729.22802734375,1,,2.5.0+cu124,0.37.0,local,unavailable,3.12.7,Linux-6.2.0-37-generic-x86_64-with-glibc2.35,NVIDIA A100-SXM4-40GB,2026-03-24T12:20:29+00:00,samples/base_tiling_p0_h2048_w2048_s1_r2.png
ablation_sd15_p0_20260324,hidiffusion,P0,0072_hidiffusion_1024x1024_p0_s0_r0,runwayml/stable-diffusion-v1-5,ddim,0,stone_golem,0,0,1,0,0,0,1024,1024,10,7.5,cuda,fp16,2.537387311999737,0.3941061718370032,5081.2216796875,1,,2.5.0+cu124,0.37.0,local,unavailable,3.12.7,Linux-6.2.0-37-generic-x86_64-with-glibc2.35,NVIDIA A100-SXM4-40GB,2026-03-24T12:20:56+00:00,samples/hidiffusion_p0_h1024_w1024_s0_r0.png
ablation_sd15_p0_20260324,hidiffusion,P0,0073_hidiffusion_1024x1024_p0_s0_r1,runwayml/stable-diffusion-v1-5,ddim,0,stone_golem,0,1,1,0,0,0,1024,1024,10,7.5,cuda,fp16,1.6925084429994968,0.5908390023909011,5081.2216796875,1,,2.5.0+cu124,0.37.0,local,unavailable,3.12.7,Linux-6.2.0-37-generic-x86_64-with-glibc2.35,NVIDIA A100-SXM4-40GB,2026-03-24T12:21:09+00:00,samples/hidiffusion_p0_h1024_w1024_s0_r1.png
ablation_sd15_p0_20260324,hidiffusion,P0,0074_hidiffusion_1024x1024_p0_s0_r2,runwayml/stable-diffusion-v1-5,ddim,0,stone_golem,0,2,1,0,0,0,1024,1024,10,7.5,cuda,fp16,1.9642735489996994,0.5090940620308445,5081.2216796875,1,,2.5.0+cu124,0.37.0,local,unavailable,3.12.7,Linux-6.2.0-37-generic-x86_64-with-glibc2.35,NVIDIA A100-SXM4-40GB,2026-03-24T12:21:20+00:00,samples/hidiffusion_p0_h1024_w1024_s0_r2.png
ablation_sd15_p0_20260324,hidiffusion,P0,0075_hidiffusion_1024x1024_p0_s1_r0,runwayml/stable-diffusion-v1-5,ddim,0,stone_golem,1,0,1,0,0,0,1024,1024,10,7.5,cuda,fp16,1.6695336180000595,0.5989696698637933,5081.2216796875,1,,2.5.0+cu124,0.37.0,local,unavailable,3.12.7,Linux-6.2.0-37-generic-x86_64-with-glibc2.35,NVIDIA A100-SXM4-40GB,2026-03-24T12:21:34+00:00,samples/hidiffusion_p0_h1024_w1024_s1_r0.png
ablation_sd15_p0_20260324,hidiffusion,P0,0076_hidiffusion_1024x1024_p0_s1_r1,runwayml/stable-diffusion-v1-5,ddim,0,stone_golem,1,1,1,0,0,0,1024,1024,10,7.5,cuda,fp16,1.6712447300005806,0.598356411870123,5081.2216796875,1,,2.5.0+cu124,0.37.0,local,unavailable,3.12.7,Linux-6.2.0-37-generic-x86_64-with-glibc2.35,NVIDIA A100-SXM4-40GB,2026-03-24T12:21:52+00:00,samples/hidiffusion_p0_h1024_w1024_s1_r1.png
ablation_sd15_p0_20260324,hidiffusion,P0,0077_hidiffusion_1024x1024_p0_s1_r2,runwayml/stable-diffusion-v1-5,ddim,0,stone_golem,1,2,1,0,0,0,1024,1024,10,7.5,cuda,fp16,2.4085198229995513,0.4151927629786364,5081.2216796875,1,,2.5.0+cu124,0.37.0,local,unavailable,3.12.7,Linux-6.2.0-37-generic-x86_64-with-glibc2.35,NVIDIA A100-SXM4-40GB,2026-03-24T12:22:09+00:00,samples/hidiffusion_p0_h1024_w1024_s1_r2.png
ablation_sd15_p0_20260324,hidiffusion,P0,0078_hidiffusion_1536x1536_p0_s0_r0,runwayml/stable-diffusion-v1-5,ddim,0,stone_golem,0,0,1,0,0,0,1536,1536,10,7.5,cuda,fp16,3.1656849239998337,0.3158874063614969,8122.4716796875,1,,2.5.0+cu124,0.37.0,local,unavailable,3.12.7,Linux-6.2.0-37-generic-x86_64-with-glibc2.35,NVIDIA A100-SXM4-40GB,2026-03-24T12:22:23+00:00,samples/hidiffusion_p0_h1536_w1536_s0_r0.png
ablation_sd15_p0_20260324,hidiffusion,P0,0079_hidiffusion_1536x1536_p0_s0_r1,runwayml/stable-diffusion-v1-5,ddim,0,stone_golem,0,1,1,0,0,0,1536,1536,10,7.5,cuda,fp16,3.8167917920000036,0.26200014423003115,8122.4716796875,1,,2.5.0+cu124,0.37.0,local,unavailable,3.12.7,Linux-6.2.0-37-generic-x86_64-with-glibc2.35,NVIDIA A100-SXM4-40GB,2026-03-24T12:22:39+00:00,samples/hidiffusion_p0_h1536_w1536_s0_r1.png
ablation_sd15_p0_20260324,hidiffusion,P0,0080_hidiffusion_1536x1536_p0_s0_r2,runwayml/stable-diffusion-v1-5,ddim,0,stone_golem,0,2,1,0,0,0,1536,1536,10,7.5,cuda,fp16,3.271328795000045,0.30568617912342444,8122.4716796875,1,,2.5.0+cu124,0.37.0,local,unavailable,3.12.7,Linux-6.2.0-37-generic-x86_64-with-glibc2.35,NVIDIA A100-SXM4-40GB,2026-03-24T12:22:56+00:00,samples/hidiffusion_p0_h1536_w1536_s0_r2.png
ablation_sd15_p0_20260324,hidiffusion,P0,0081_hidiffusion_1536x1536_p0_s1_r0,runwayml/stable-diffusion-v1-5,ddim,0,stone_golem,1,0,1,0,0,0,1536,1536,10,7.5,cuda,fp16,3.0888330489997315,0.32374685978053547,8122.4716796875,1,,2.5.0+cu124,0.37.0,local,unavailable,3.12.7,Linux-6.2.0-37-generic-x86_64-with-glibc2.35,NVIDIA A100-SXM4-40GB,2026-03-24T12:23:10+00:00,samples/hidiffusion_p0_h1536_w1536_s1_r0.png
ablation_sd15_p0_20260324,hidiffusion,P0,0082_hidiffusion_1536x1536_p0_s1_r1,runwayml/stable-diffusion-v1-5,ddim,0,stone_golem,1,1,1,0,0,0,1536,1536,10,7.5,cuda,fp16,3.219542857000306,0.3106031024950276,8122.4716796875,1,,2.5.0+cu124,0.37.0,local,unavailable,3.12.7,Linux-6.2.0-37-generic-x86_64-with-glibc2.35,NVIDIA A100-SXM4-40GB,2026-03-24T12:23:24+00:00,samples/hidiffusion_p0_h1536_w1536_s1_r1.png
ablation_sd15_p0_20260324,hidiffusion,P0,0083_hidiffusion_1536x1536_p0_s1_r2,runwayml/stable-diffusion-v1-5,ddim,0,stone_golem,1,2,1,0,0,0,1536,1536,10,7.5,cuda,fp16,3.0609210680004253,0.3266990483532001,8122.4716796875,1,,2.5.0+cu124,0.37.0,local,unavailable,3.12.7,Linux-6.2.0-37-generic-x86_64-with-glibc2.35,NVIDIA A100-SXM4-40GB,2026-03-24T12:23:40+00:00,samples/hidiffusion_p0_h1536_w1536_s1_r2.png
ablation_sd15_p0_20260324,hidiffusion,P0,0084_hidiffusion_2048x2048_p0_s0_r0,runwayml/stable-diffusion-v1-5,ddim,0,stone_golem,0,0,1,0,0,0,2048,2048,10,7.5,cuda,fp16,5.52635994100001,0.18095093527676506,12380.2216796875,1,,2.5.0+cu124,0.37.0,local,unavailable,3.12.7,Linux-6.2.0-37-generic-x86_64-with-glibc2.35,NVIDIA A100-SXM4-40GB,2026-03-24T12:23:57+00:00,samples/hidiffusion_p0_h2048_w2048_s0_r0.png
ablation_sd15_p0_20260324,hidiffusion,P0,0085_hidiffusion_2048x2048_p0_s0_r1,runwayml/stable-diffusion-v1-5,ddim,0,stone_golem,0,1,1,0,0,0,2048,2048,10,7.5,cuda,fp16,5.576434049000454,0.17932606952990768,12380.2216796875,1,,2.5.0+cu124,0.37.0,local,unavailable,3.12.7,Linux-6.2.0-37-generic-x86_64-with-glibc2.35,NVIDIA A100-SXM4-40GB,2026-03-24T12:24:15+00:00,samples/hidiffusion_p0_h2048_w2048_s0_r1.png
ablation_sd15_p0_20260324,hidiffusion,P0,0086_hidiffusion_2048x2048_p0_s0_r2,runwayml/stable-diffusion-v1-5,ddim,0,stone_golem,0,2,1,0,0,0,2048,2048,10,7.5,cuda,fp16,5.51542440600042,0.18130971007635704,12380.2216796875,1,,2.5.0+cu124,0.37.0,local,unavailable,3.12.7,Linux-6.2.0-37-generic-x86_64-with-glibc2.35,NVIDIA A100-SXM4-40GB,2026-03-24T12:24:31+00:00,samples/hidiffusion_p0_h2048_w2048_s0_r2.png
ablation_sd15_p0_20260324,hidiffusion,P0,0087_hidiffusion_2048x2048_p0_s1_r0,runwayml/stable-diffusion-v1-5,ddim,0,stone_golem,1,0,1,0,0,0,2048,2048,10,7.5,cuda,fp16,6.517670596999778,0.1534290487862828,12380.2216796875,1,,2.5.0+cu124,0.37.0,local,unavailable,3.12.7,Linux-6.2.0-37-generic-x86_64-with-glibc2.35,NVIDIA A100-SXM4-40GB,2026-03-24T12:24:51+00:00,samples/hidiffusion_p0_h2048_w2048_s1_r0.png
ablation_sd15_p0_20260324,hidiffusion,P0,0088_hidiffusion_2048x2048_p0_s1_r1,runwayml/stable-diffusion-v1-5,ddim,0,stone_golem,1,1,1,0,0,0,2048,2048,10,7.5,cuda,fp16,6.369792540000162,0.15699098419930244,12380.2216796875,1,,2.5.0+cu124,0.37.0,local,unavailable,3.12.7,Linux-6.2.0-37-generic-x86_64-with-glibc2.35,NVIDIA A100-SXM4-40GB,2026-03-24T12:25:08+00:00,samples/hidiffusion_p0_h2048_w2048_s1_r1.png
ablation_sd15_p0_20260324,hidiffusion,P0,0089_hidiffusion_2048x2048_p0_s1_r2,runwayml/stable-diffusion-v1-5,ddim,0,stone_golem,1,2,1,0,0,0,2048,2048,10,7.5,cuda,fp16,5.383670705999975,0.18574687320409908,12380.2216796875,1,,2.5.0+cu124,0.37.0,local,unavailable,3.12.7,Linux-6.2.0-37-generic-x86_64-with-glibc2.35,NVIDIA A100-SXM4-40GB,2026-03-24T12:25:36+00:00,samples/hidiffusion_p0_h2048_w2048_s1_r2.png
ablation_sd15_p0_20260324,hi+xformers,P0,0090_hi+xformers_1024x1024_p0_s0_r0,runwayml/stable-diffusion-v1-5,ddim,0,stone_golem,0,0,1,1,0,0,1024,1024,10,7.5,cuda,fp16,nan,nan,nan,0,xformers_unavailable,2.5.0+cu124,0.37.0,local,unavailable,3.12.7,Linux-6.2.0-37-generic-x86_64-with-glibc2.35,NVIDIA A100-SXM4-40GB,2026-03-24T12:25:51+00:00,
ablation_sd15_p0_20260324,hi+xformers,P0,0091_hi+xformers_1024x1024_p0_s0_r1,runwayml/stable-diffusion-v1-5,ddim,0,stone_golem,0,1,1,1,0,0,1024,1024,10,7.5,cuda,fp16,nan,nan,nan,0,xformers_unavailable,2.5.0+cu124,0.37.0,local,unavailable,3.12.7,Linux-6.2.0-37-generic-x86_64-with-glibc2.35,NVIDIA A100-SXM4-40GB,2026-03-24T12:26:03+00:00,
ablation_sd15_p0_20260324,hi+xformers,P0,0092_hi+xformers_1024x1024_p0_s0_r2,runwayml/stable-diffusion-v1-5,ddim,0,stone_golem,0,2,1,1,0,0,1024,1024,10,7.5,cuda,fp16,nan,nan,nan,0,xformers_unavailable,2.5.0+cu124,0.37.0,local,unavailable,3.12.7,Linux-6.2.0-37-generic-x86_64-with-glibc2.35,NVIDIA A100-SXM4-40GB,2026-03-24T12:26:12+00:00,
ablation_sd15_p0_20260324,hi+xformers,P0,0093_hi+xformers_1024x1024_p0_s1_r0,runwayml/stable-diffusion-v1-5,ddim,0,stone_golem,1,0,1,1,0,0,1024,1024,10,7.5,cuda,fp16,nan,nan,nan,0,xformers_unavailable,2.5.0+cu124,0.37.0,local,unavailable,3.12.7,Linux-6.2.0-37-generic-x86_64-with-glibc2.35,NVIDIA A100-SXM4-40GB,2026-03-24T12:26:23+00:00,
ablation_sd15_p0_20260324,hi+xformers,P0,0094_hi+xformers_1024x1024_p0_s1_r1,runwayml/stable-diffusion-v1-5,ddim,0,stone_golem,1,1,1,1,0,0,1024,1024,10,7.5,cuda,fp16,nan,nan,nan,0,xformers_unavailable,2.5.0+cu124,0.37.0,local,unavailable,3.12.7,Linux-6.2.0-37-generic-x86_64-with-glibc2.35,NVIDIA A100-SXM4-40GB,2026-03-24T12:26:33+00:00,
ablation_sd15_p0_20260324,hi+xformers,P0,0095_hi+xformers_1024x1024_p0_s1_r2,runwayml/stable-diffusion-v1-5,ddim,0,stone_golem,1,2,1,1,0,0,1024,1024,10,7.5,cuda,fp16,nan,nan,nan,0,xformers_unavailable,2.5.0+cu124,0.37.0,local,unavailable,3.12.7,Linux-6.2.0-37-generic-x86_64-with-glibc2.35,NVIDIA A100-SXM4-40GB,2026-03-24T12:26:44+00:00,
ablation_sd15_p0_20260324,hi+xformers,P0,0096_hi+xformers_1536x1536_p0_s0_r0,runwayml/stable-diffusion-v1-5,ddim,0,stone_golem,0,0,1,1,0,0,1536,1536,10,7.5,cuda,fp16,nan,nan,nan,0,xformers_unavailable,2.5.0+cu124,0.37.0,local,unavailable,3.12.7,Linux-6.2.0-37-generic-x86_64-with-glibc2.35,NVIDIA A100-SXM4-40GB,2026-03-24T12:26:54+00:00,
ablation_sd15_p0_20260324,hi+xformers,P0,0097_hi+xformers_1536x1536_p0_s0_r1,runwayml/stable-diffusion-v1-5,ddim,0,stone_golem,0,1,1,1,0,0,1536,1536,10,7.5,cuda,fp16,nan,nan,nan,0,xformers_unavailable,2.5.0+cu124,0.37.0,local,unavailable,3.12.7,Linux-6.2.0-37-generic-x86_64-with-glibc2.35,NVIDIA A100-SXM4-40GB,2026-03-24T12:27:06+00:00,
ablation_sd15_p0_20260324,hi+xformers,P0,0098_hi+xformers_1536x1536_p0_s0_r2,runwayml/stable-diffusion-v1-5,ddim,0,stone_golem,0,2,1,1,0,0,1536,1536,10,7.5,cuda,fp16,nan,nan,nan,0,xformers_unavailable,2.5.0+cu124,0.37.0,local,unavailable,3.12.7,Linux-6.2.0-37-generic-x86_64-with-glibc2.35,NVIDIA A100-SXM4-40GB,2026-03-24T12:27:16+00:00,
ablation_sd15_p0_20260324,hi+xformers,P0,0099_hi+xformers_1536x1536_p0_s1_r0,runwayml/stable-diffusion-v1-5,ddim,0,stone_golem,1,0,1,1,0,0,1536,1536,10,7.5,cuda,fp16,nan,nan,nan,0,xformers_unavailable,2.5.0+cu124,0.37.0,local,unavailable,3.12.7,Linux-6.2.0-37-generic-x86_64-with-glibc2.35,NVIDIA A100-SXM4-40GB,2026-03-24T12:27:27+00:00,
ablation_sd15_p0_20260324,hi+xformers,P0,0100_hi+xformers_1536x1536_p0_s1_r1,runwayml/stable-diffusion-v1-5,ddim,0,stone_golem,1,1,1,1,0,0,1536,1536,10,7.5,cuda,fp16,nan,nan,nan,0,xformers_unavailable,2.5.0+cu124,0.37.0,local,unavailable,3.12.7,Linux-6.2.0-37-generic-x86_64-with-glibc2.35,NVIDIA A100-SXM4-40GB,2026-03-24T12:27:40+00:00,
ablation_sd15_p0_20260324,hi+xformers,P0,0101_hi+xformers_1536x1536_p0_s1_r2,runwayml/stable-diffusion-v1-5,ddim,0,stone_golem,1,2,1,1,0,0,1536,1536,10,7.5,cuda,fp16,nan,nan,nan,0,xformers_unavailable,2.5.0+cu124,0.37.0,local,unavailable,3.12.7,Linux-6.2.0-37-generic-x86_64-with-glibc2.35,NVIDIA A100-SXM4-40GB,2026-03-24T12:27:50+00:00,
ablation_sd15_p0_20260324,hi+xformers,P0,0102_hi+xformers_2048x2048_p0_s0_r0,runwayml/stable-diffusion-v1-5,ddim,0,stone_golem,0,0,1,1,0,0,2048,2048,10,7.5,cuda,fp16,nan,nan,nan,0,xformers_unavailable,2.5.0+cu124,0.37.0,local,unavailable,3.12.7,Linux-6.2.0-37-generic-x86_64-with-glibc2.35,NVIDIA A100-SXM4-40GB,2026-03-24T12:28:01+00:00,
ablation_sd15_p0_20260324,hi+xformers,P0,0103_hi+xformers_2048x2048_p0_s0_r1,runwayml/stable-diffusion-v1-5,ddim,0,stone_golem,0,1,1,1,0,0,2048,2048,10,7.5,cuda,fp16,nan,nan,nan,0,xformers_unavailable,2.5.0+cu124,0.37.0,local,unavailable,3.12.7,Linux-6.2.0-37-generic-x86_64-with-glibc2.35,NVIDIA A100-SXM4-40GB,2026-03-24T12:28:11+00:00,
ablation_sd15_p0_20260324,hi+xformers,P0,0104_hi+xformers_2048x2048_p0_s0_r2,runwayml/stable-diffusion-v1-5,ddim,0,stone_golem,0,2,1,1,0,0,2048,2048,10,7.5,cuda,fp16,nan,nan,nan,0,xformers_unavailable,2.5.0+cu124,0.37.0,local,unavailable,3.12.7,Linux-6.2.0-37-generic-x86_64-with-glibc2.35,NVIDIA A100-SXM4-40GB,2026-03-24T12:28:24+00:00,
ablation_sd15_p0_20260324,hi+xformers,P0,0105_hi+xformers_2048x2048_p0_s1_r0,runwayml/stable-diffusion-v1-5,ddim,0,stone_golem,1,0,1,1,0,0,2048,2048,10,7.5,cuda,fp16,nan,nan,nan,0,xformers_unavailable,2.5.0+cu124,0.37.0,local,unavailable,3.12.7,Linux-6.2.0-37-generic-x86_64-with-glibc2.35,NVIDIA A100-SXM4-40GB,2026-03-24T12:28:35+00:00,
ablation_sd15_p0_20260324,hi+xformers,P0,0106_hi+xformers_2048x2048_p0_s1_r1,runwayml/stable-diffusion-v1-5,ddim,0,stone_golem,1,1,1,1,0,0,2048,2048,10,7.5,cuda,fp16,nan,nan,nan,0,xformers_unavailable,2.5.0+cu124,0.37.0,local,unavailable,3.12.7,Linux-6.2.0-37-generic-x86_64-with-glibc2.35,NVIDIA A100-SXM4-40GB,2026-03-24T12:28:50+00:00,
ablation_sd15_p0_20260324,hi+xformers,P0,0107_hi+xformers_2048x2048_p0_s1_r2,runwayml/stable-diffusion-v1-5,ddim,0,stone_golem,1,2,1,1,0,0,2048,2048,10,7.5,cuda,fp16,nan,nan,nan,0,xformers_unavailable,2.5.0+cu124,0.37.0,local,unavailable,3.12.7,Linux-6.2.0-37-generic-x86_64-with-glibc2.35,NVIDIA A100-SXM4-40GB,2026-03-24T12:29:01+00:00,
ablation_sd15_p0_20260324,hi+xformers+tiling,P0,0108_hi+xformers+tiling_1024x1024_p0_s0_r0,runwayml/stable-diffusion-v1-5,ddim,0,stone_golem,0,0,1,1,0,1,1024,1024,10,7.5,cuda,fp16,nan,nan,nan,0,xformers_unavailable,2.5.0+cu124,0.37.0,local,unavailable,3.12.7,Linux-6.2.0-37-generic-x86_64-with-glibc2.35,NVIDIA A100-SXM4-40GB,2026-03-24T12:29:10+00:00,
ablation_sd15_p0_20260324,hi+xformers+tiling,P0,0109_hi+xformers+tiling_1024x1024_p0_s0_r1,runwayml/stable-diffusion-v1-5,ddim,0,stone_golem,0,1,1,1,0,1,1024,1024,10,7.5,cuda,fp16,nan,nan,nan,0,xformers_unavailable,2.5.0+cu124,0.37.0,local,unavailable,3.12.7,Linux-6.2.0-37-generic-x86_64-with-glibc2.35,NVIDIA A100-SXM4-40GB,2026-03-24T12:29:22+00:00,
ablation_sd15_p0_20260324,hi+xformers+tiling,P0,0110_hi+xformers+tiling_1024x1024_p0_s0_r2,runwayml/stable-diffusion-v1-5,ddim,0,stone_golem,0,2,1,1,0,1,1024,1024,10,7.5,cuda,fp16,nan,nan,nan,0,xformers_unavailable,2.5.0+cu124,0.37.0,local,unavailable,3.12.7,Linux-6.2.0-37-generic-x86_64-with-glibc2.35,NVIDIA A100-SXM4-40GB,2026-03-24T12:29:33+00:00,
ablation_sd15_p0_20260324,hi+xformers+tiling,P0,0111_hi+xformers+tiling_1024x1024_p0_s1_r0,runwayml/stable-diffusion-v1-5,ddim,0,stone_golem,1,0,1,1,0,1,1024,1024,10,7.5,cuda,fp16,nan,nan,nan,0,xformers_unavailable,2.5.0+cu124,0.37.0,local,unavailable,3.12.7,Linux-6.2.0-37-generic-x86_64-with-glibc2.35,NVIDIA A100-SXM4-40GB,2026-03-24T12:29:45+00:00,
ablation_sd15_p0_20260324,hi+xformers+tiling,P0,0112_hi+xformers+tiling_1024x1024_p0_s1_r1,runwayml/stable-diffusion-v1-5,ddim,0,stone_golem,1,1,1,1,0,1,1024,1024,10,7.5,cuda,fp16,nan,nan,nan,0,xformers_unavailable,2.5.0+cu124,0.37.0,local,unavailable,3.12.7,Linux-6.2.0-37-generic-x86_64-with-glibc2.35,NVIDIA A100-SXM4-40GB,2026-03-24T12:29:57+00:00,
ablation_sd15_p0_20260324,hi+xformers+tiling,P0,0113_hi+xformers+tiling_1024x1024_p0_s1_r2,runwayml/stable-diffusion-v1-5,ddim,0,stone_golem,1,2,1,1,0,1,1024,1024,10,7.5,cuda,fp16,nan,nan,nan,0,xformers_unavailable,2.5.0+cu124,0.37.0,local,unavailable,3.12.7,Linux-6.2.0-37-generic-x86_64-with-glibc2.35,NVIDIA A100-SXM4-40GB,2026-03-24T12:30:07+00:00,
ablation_sd15_p0_20260324,hi+xformers+tiling,P0,0114_hi+xformers+tiling_1536x1536_p0_s0_r0,runwayml/stable-diffusion-v1-5,ddim,0,stone_golem,0,0,1,1,0,1,1536,1536,10,7.5,cuda,fp16,nan,nan,nan,0,xformers_unavailable,2.5.0+cu124,0.37.0,local,unavailable,3.12.7,Linux-6.2.0-37-generic-x86_64-with-glibc2.35,NVIDIA A100-SXM4-40GB,2026-03-24T12:30:18+00:00,
ablation_sd15_p0_20260324,hi+xformers+tiling,P0,0115_hi+xformers+tiling_1536x1536_p0_s0_r1,runwayml/stable-diffusion-v1-5,ddim,0,stone_golem,0,1,1,1,0,1,1536,1536,10,7.5,cuda,fp16,nan,nan,nan,0,xformers_unavailable,2.5.0+cu124,0.37.0,local,unavailable,3.12.7,Linux-6.2.0-37-generic-x86_64-with-glibc2.35,NVIDIA A100-SXM4-40GB,2026-03-24T12:30:27+00:00,
ablation_sd15_p0_20260324,hi+xformers+tiling,P0,0116_hi+xformers+tiling_1536x1536_p0_s0_r2,runwayml/stable-diffusion-v1-5,ddim,0,stone_golem,0,2,1,1,0,1,1536,1536,10,7.5,cuda,fp16,nan,nan,nan,0,xformers_unavailable,2.5.0+cu124,0.37.0,local,unavailable,3.12.7,Linux-6.2.0-37-generic-x86_64-with-glibc2.35,NVIDIA A100-SXM4-40GB,2026-03-24T12:30:40+00:00,
ablation_sd15_p0_20260324,hi+xformers+tiling,P0,0117_hi+xformers+tiling_1536x1536_p0_s1_r0,runwayml/stable-diffusion-v1-5,ddim,0,stone_golem,1,0,1,1,0,1,1536,1536,10,7.5,cuda,fp16,nan,nan,nan,0,xformers_unavailable,2.5.0+cu124,0.37.0,local,unavailable,3.12.7,Linux-6.2.0-37-generic-x86_64-with-glibc2.35,NVIDIA A100-SXM4-40GB,2026-03-24T12:30:54+00:00,
ablation_sd15_p0_20260324,hi+xformers+tiling,P0,0118_hi+xformers+tiling_1536x1536_p0_s1_r1,runwayml/stable-diffusion-v1-5,ddim,0,stone_golem,1,1,1,1,0,1,1536,1536,10,7.5,cuda,fp16,nan,nan,nan,0,xformers_unavailable,2.5.0+cu124,0.37.0,local,unavailable,3.12.7,Linux-6.2.0-37-generic-x86_64-with-glibc2.35,NVIDIA A100-SXM4-40GB,2026-03-24T12:31:04+00:00,
ablation_sd15_p0_20260324,hi+xformers+tiling,P0,0119_hi+xformers+tiling_1536x1536_p0_s1_r2,runwayml/stable-diffusion-v1-5,ddim,0,stone_golem,1,2,1,1,0,1,1536,1536,10,7.5,cuda,fp16,nan,nan,nan,0,xformers_unavailable,2.5.0+cu124,0.37.0,local,unavailable,3.12.7,Linux-6.2.0-37-generic-x86_64-with-glibc2.35,NVIDIA A100-SXM4-40GB,2026-03-24T12:31:16+00:00,
ablation_sd15_p0_20260324,hi+xformers+tiling,P0,0120_hi+xformers+tiling_2048x2048_p0_s0_r0,runwayml/stable-diffusion-v1-5,ddim,0,stone_golem,0,0,1,1,0,1,2048,2048,10,7.5,cuda,fp16,nan,nan,nan,0,xformers_unavailable,2.5.0+cu124,0.37.0,local,unavailable,3.12.7,Linux-6.2.0-37-generic-x86_64-with-glibc2.35,NVIDIA A100-SXM4-40GB,2026-03-24T12:31:24+00:00,
ablation_sd15_p0_20260324,hi+xformers+tiling,P0,0121_hi+xformers+tiling_2048x2048_p0_s0_r1,runwayml/stable-diffusion-v1-5,ddim,0,stone_golem,0,1,1,1,0,1,2048,2048,10,7.5,cuda,fp16,nan,nan,nan,0,xformers_unavailable,2.5.0+cu124,0.37.0,local,unavailable,3.12.7,Linux-6.2.0-37-generic-x86_64-with-glibc2.35,NVIDIA A100-SXM4-40GB,2026-03-24T12:31:35+00:00,
ablation_sd15_p0_20260324,hi+xformers+tiling,P0,0122_hi+xformers+tiling_2048x2048_p0_s0_r2,runwayml/stable-diffusion-v1-5,ddim,0,stone_golem,0,2,1,1,0,1,2048,2048,10,7.5,cuda,fp16,nan,nan,nan,0,xformers_unavailable,2.5.0+cu124,0.37.0,local,unavailable,3.12.7,Linux-6.2.0-37-generic-x86_64-with-glibc2.35,NVIDIA A100-SXM4-40GB,2026-03-24T12:31:46+00:00,
ablation_sd15_p0_20260324,hi+xformers+tiling,P0,0123_hi+xformers+tiling_2048x2048_p0_s1_r0,runwayml/stable-diffusion-v1-5,ddim,0,stone_golem,1,0,1,1,0,1,2048,2048,10,7.5,cuda,fp16,nan,nan,nan,0,xformers_unavailable,2.5.0+cu124,0.37.0,local,unavailable,3.12.7,Linux-6.2.0-37-generic-x86_64-with-glibc2.35,NVIDIA A100-SXM4-40GB,2026-03-24T12:31:54+00:00,
ablation_sd15_p0_20260324,hi+xformers+tiling,P0,0124_hi+xformers+tiling_2048x2048_p0_s1_r1,runwayml/stable-diffusion-v1-5,ddim,0,stone_golem,1,1,1,1,0,1,2048,2048,10,7.5,cuda,fp16,nan,nan,nan,0,xformers_unavailable,2.5.0+cu124,0.37.0,local,unavailable,3.12.7,Linux-6.2.0-37-generic-x86_64-with-glibc2.35,NVIDIA A100-SXM4-40GB,2026-03-24T12:32:05+00:00,
ablation_sd15_p0_20260324,hi+xformers+tiling,P0,0125_hi+xformers+tiling_2048x2048_p0_s1_r2,runwayml/stable-diffusion-v1-5,ddim,0,stone_golem,1,2,1,1,0,1,2048,2048,10,7.5,cuda,fp16,nan,nan,nan,0,xformers_unavailable,2.5.0+cu124,0.37.0,local,unavailable,3.12.7,Linux-6.2.0-37-generic-x86_64-with-glibc2.35,NVIDIA A100-SXM4-40GB,2026-03-24T12:32:17+00:00,
ablation_sd15_p0_20260324,hi+xformers+offload,P0,0126_hi+xformers+offload_1024x1024_p0_s0_r0,runwayml/stable-diffusion-v1-5,ddim,0,stone_golem,0,0,1,1,1,0,1024,1024,10,7.5,cuda,fp16,nan,nan,nan,0,xformers_unavailable,2.5.0+cu124,0.37.0,local,unavailable,3.12.7,Linux-6.2.0-37-generic-x86_64-with-glibc2.35,NVIDIA A100-SXM4-40GB,2026-03-24T12:32:29+00:00,
ablation_sd15_p0_20260324,hi+xformers+offload,P0,0127_hi+xformers+offload_1024x1024_p0_s0_r1,runwayml/stable-diffusion-v1-5,ddim,0,stone_golem,0,1,1,1,1,0,1024,1024,10,7.5,cuda,fp16,nan,nan,nan,0,xformers_unavailable,2.5.0+cu124,0.37.0,local,unavailable,3.12.7,Linux-6.2.0-37-generic-x86_64-with-glibc2.35,NVIDIA A100-SXM4-40GB,2026-03-24T12:32:40+00:00,
ablation_sd15_p0_20260324,hi+xformers+offload,P0,0128_hi+xformers+offload_1024x1024_p0_s0_r2,runwayml/stable-diffusion-v1-5,ddim,0,stone_golem,0,2,1,1,1,0,1024,1024,10,7.5,cuda,fp16,nan,nan,nan,0,xformers_unavailable,2.5.0+cu124,0.37.0,local,unavailable,3.12.7,Linux-6.2.0-37-generic-x86_64-with-glibc2.35,NVIDIA A100-SXM4-40GB,2026-03-24T12:32:48+00:00,
ablation_sd15_p0_20260324,hi+xformers+offload,P0,0129_hi+xformers+offload_1024x1024_p0_s1_r0,runwayml/stable-diffusion-v1-5,ddim,0,stone_golem,1,0,1,1,1,0,1024,1024,10,7.5,cuda,fp16,nan,nan,nan,0,xformers_unavailable,2.5.0+cu124,0.37.0,local,unavailable,3.12.7,Linux-6.2.0-37-generic-x86_64-with-glibc2.35,NVIDIA A100-SXM4-40GB,2026-03-24T12:33:01+00:00,
ablation_sd15_p0_20260324,hi+xformers+offload,P0,0130_hi+xformers+offload_1024x1024_p0_s1_r1,runwayml/stable-diffusion-v1-5,ddim,0,stone_golem,1,1,1,1,1,0,1024,1024,10,7.5,cuda,fp16,nan,nan,nan,0,xformers_unavailable,2.5.0+cu124,0.37.0,local,unavailable,3.12.7,Linux-6.2.0-37-generic-x86_64-with-glibc2.35,NVIDIA A100-SXM4-40GB,2026-03-24T12:33:11+00:00,
ablation_sd15_p0_20260324,hi+xformers+offload,P0,0131_hi+xformers+offload_1024x1024_p0_s1_r2,runwayml/stable-diffusion-v1-5,ddim,0,stone_golem,1,2,1,1,1,0,1024,1024,10,7.5,cuda,fp16,nan,nan,nan,0,xformers_unavailable,2.5.0+cu124,0.37.0,local,unavailable,3.12.7,Linux-6.2.0-37-generic-x86_64-with-glibc2.35,NVIDIA A100-SXM4-40GB,2026-03-24T12:33:28+00:00,
ablation_sd15_p0_20260324,hi+xformers+offload,P0,0132_hi+xformers+offload_1536x1536_p0_s0_r0,runwayml/stable-diffusion-v1-5,ddim,0,stone_golem,0,0,1,1,1,0,1536,1536,10,7.5,cuda,fp16,nan,nan,nan,0,xformers_unavailable,2.5.0+cu124,0.37.0,local,unavailable,3.12.7,Linux-6.2.0-37-generic-x86_64-with-glibc2.35,NVIDIA A100-SXM4-40GB,2026-03-24T12:33:39+00:00,
ablation_sd15_p0_20260324,hi+xformers+offload,P0,0133_hi+xformers+offload_1536x1536_p0_s0_r1,runwayml/stable-diffusion-v1-5,ddim,0,stone_golem,0,1,1,1,1,0,1536,1536,10,7.5,cuda,fp16,nan,nan,nan,0,xformers_unavailable,2.5.0+cu124,0.37.0,local,unavailable,3.12.7,Linux-6.2.0-37-generic-x86_64-with-glibc2.35,NVIDIA A100-SXM4-40GB,2026-03-24T12:33:51+00:00,
ablation_sd15_p0_20260324,hi+xformers+offload,P0,0134_hi+xformers+offload_1536x1536_p0_s0_r2,runwayml/stable-diffusion-v1-5,ddim,0,stone_golem,0,2,1,1,1,0,1536,1536,10,7.5,cuda,fp16,nan,nan,nan,0,xformers_unavailable,2.5.0+cu124,0.37.0,local,unavailable,3.12.7,Linux-6.2.0-37-generic-x86_64-with-glibc2.35,NVIDIA A100-SXM4-40GB,2026-03-24T12:34:04+00:00,
ablation_sd15_p0_20260324,hi+xformers+offload,P0,0135_hi+xformers+offload_1536x1536_p0_s1_r0,runwayml/stable-diffusion-v1-5,ddim,0,stone_golem,1,0,1,1,1,0,1536,1536,10,7.5,cuda,fp16,nan,nan,nan,0,xformers_unavailable,2.5.0+cu124,0.37.0,local,unavailable,3.12.7,Linux-6.2.0-37-generic-x86_64-with-glibc2.35,NVIDIA A100-SXM4-40GB,2026-03-24T12:34:15+00:00,
ablation_sd15_p0_20260324,hi+xformers+offload,P0,0136_hi+xformers+offload_1536x1536_p0_s1_r1,runwayml/stable-diffusion-v1-5,ddim,0,stone_golem,1,1,1,1,1,0,1536,1536,10,7.5,cuda,fp16,nan,nan,nan,0,xformers_unavailable,2.5.0+cu124,0.37.0,local,unavailable,3.12.7,Linux-6.2.0-37-generic-x86_64-with-glibc2.35,NVIDIA A100-SXM4-40GB,2026-03-24T12:34:25+00:00,
ablation_sd15_p0_20260324,hi+xformers+offload,P0,0137_hi+xformers+offload_1536x1536_p0_s1_r2,runwayml/stable-diffusion-v1-5,ddim,0,stone_golem,1,2,1,1,1,0,1536,1536,10,7.5,cuda,fp16,nan,nan,nan,0,xformers_unavailable,2.5.0+cu124,0.37.0,local,unavailable,3.12.7,Linux-6.2.0-37-generic-x86_64-with-glibc2.35,NVIDIA A100-SXM4-40GB,2026-03-24T12:34:35+00:00,
ablation_sd15_p0_20260324,hi+xformers+offload,P0,0138_hi+xformers+offload_2048x2048_p0_s0_r0,runwayml/stable-diffusion-v1-5,ddim,0,stone_golem,0,0,1,1,1,0,2048,2048,10,7.5,cuda,fp16,nan,nan,nan,0,xformers_unavailable,2.5.0+cu124,0.37.0,local,unavailable,3.12.7,Linux-6.2.0-37-generic-x86_64-with-glibc2.35,NVIDIA A100-SXM4-40GB,2026-03-24T12:34:43+00:00,
ablation_sd15_p0_20260324,hi+xformers+offload,P0,0139_hi+xformers+offload_2048x2048_p0_s0_r1,runwayml/stable-diffusion-v1-5,ddim,0,stone_golem,0,1,1,1,1,0,2048,2048,10,7.5,cuda,fp16,nan,nan,nan,0,xformers_unavailable,2.5.0+cu124,0.37.0,local,unavailable,3.12.7,Linux-6.2.0-37-generic-x86_64-with-glibc2.35,NVIDIA A100-SXM4-40GB,2026-03-24T12:34:57+00:00,
ablation_sd15_p0_20260324,hi+xformers+offload,P0,0140_hi+xformers+offload_2048x2048_p0_s0_r2,runwayml/stable-diffusion-v1-5,ddim,0,stone_golem,0,2,1,1,1,0,2048,2048,10,7.5,cuda,fp16,nan,nan,nan,0,xformers_unavailable,2.5.0+cu124,0.37.0,local,unavailable,3.12.7,Linux-6.2.0-37-generic-x86_64-with-glibc2.35,NVIDIA A100-SXM4-40GB,2026-03-24T12:35:06+00:00,
ablation_sd15_p0_20260324,hi+xformers+offload,P0,0141_hi+xformers+offload_2048x2048_p0_s1_r0,runwayml/stable-diffusion-v1-5,ddim,0,stone_golem,1,0,1,1,1,0,2048,2048,10,7.5,cuda,fp16,nan,nan,nan,0,xformers_unavailable,2.5.0+cu124,0.37.0,local,unavailable,3.12.7,Linux-6.2.0-37-generic-x86_64-with-glibc2.35,NVIDIA A100-SXM4-40GB,2026-03-24T12:35:18+00:00,
ablation_sd15_p0_20260324,hi+xformers+offload,P0,0142_hi+xformers+offload_2048x2048_p0_s1_r1,runwayml/stable-diffusion-v1-5,ddim,0,stone_golem,1,1,1,1,1,0,2048,2048,10,7.5,cuda,fp16,nan,nan,nan,0,xformers_unavailable,2.5.0+cu124,0.37.0,local,unavailable,3.12.7,Linux-6.2.0-37-generic-x86_64-with-glibc2.35,NVIDIA A100-SXM4-40GB,2026-03-24T12:35:28+00:00,
ablation_sd15_p0_20260324,hi+xformers+offload,P0,0143_hi+xformers+offload_2048x2048_p0_s1_r2,runwayml/stable-diffusion-v1-5,ddim,0,stone_golem,1,2,1,1,1,0,2048,2048,10,7.5,cuda,fp16,nan,nan,nan,0,xformers_unavailable,2.5.0+cu124,0.37.0,local,unavailable,3.12.7,Linux-6.2.0-37-generic-x86_64-with-glibc2.35,NVIDIA A100-SXM4-40GB,2026-03-24T12:35:39+00:00,
